-- phpMyAdmin SQL Dump
-- version 5.2.1
-- https://www.phpmyadmin.net/
--
-- Máy chủ: localhost:3306
-- Thời gian đã tạo: Th12 27, 2024 lúc 02:03 PM
-- Phiên bản máy phục vụ: 8.0.30
-- Phiên bản PHP: 8.1.10

SET SQL_MODE = "NO_AUTO_VALUE_ON_ZERO";
START TRANSACTION;
SET time_zone = "+00:00";


/*!40101 SET @OLD_CHARACTER_SET_CLIENT=@@CHARACTER_SET_CLIENT */;
/*!40101 SET @OLD_CHARACTER_SET_RESULTS=@@CHARACTER_SET_RESULTS */;
/*!40101 SET @OLD_COLLATION_CONNECTION=@@COLLATION_CONNECTION */;
/*!40101 SET NAMES utf8mb4 */;

--
-- Cơ sở dữ liệu: `macas`
--

DELIMITER $$
--
-- Thủ tục
--
CREATE DEFINER=`bill`@`%` PROCEDURE `AddTimestampsToAllTables` ()   BEGIN
    DECLARE done INT DEFAULT 0;
    DECLARE tbl_name VARCHAR(255);
    DECLARE cur CURSOR FOR
        SELECT TABLE_NAME
        FROM INFORMATION_SCHEMA.TABLES
        WHERE TABLE_SCHEMA = 'macas';
    DECLARE CONTINUE HANDLER FOR NOT FOUND SET done = 1;

    OPEN cur;

    read_loop: LOOP
        FETCH cur INTO tbl_name;
        IF done THEN
            LEAVE read_loop;
        END IF;
        SET @sql_query = CONCAT(
            'ALTER TABLE `', tbl_name, '` ',
            'ADD COLUMN `createdAt` DATETIME DEFAULT CURRENT_TIMESTAMP, ',
            'ADD COLUMN `updatedAt` DATETIME DEFAULT CURRENT_TIMESTAMP ON UPDATE CURRENT_TIMESTAMP;'
        );
        PREPARE stmt FROM @sql_query;
        EXECUTE stmt;
        DEALLOCATE PREPARE stmt;
    END LOOP;

    CLOSE cur;
END$$

CREATE DEFINER=`root`@`localhost` PROCEDURE `GetDashboard` (IN `p_tern` VARCHAR(10))   BEGIN
    SELECT 
        `tern`,
        SUM(incomeReal) AS totalIncome,
        SUM(winReal) AS totalWin,
        SUM(adsReal) AS totalAds,
        ROUND((SUM(adsReal)/SUM(incomeReal))*100, 2) AS totalAdsToIncomeRate,
        ROUND((SUM(incomeReal)/SUM(income))*100, 2) AS completionRate
    FROM `view_team_performance_reports`
    WHERE `tern` = p_tern
    GROUP BY `tern`;
END$$

CREATE DEFINER=`root`@`localhost` PROCEDURE `GetIncomeDaily` (IN `inputMonth` VARCHAR(7))   BEGIN 
 select DATE_FORMAT(`date`, '%Y-%m-%d') AS `date`,
           SUM(income) AS income
    FROM `marketing_reports`
    WHERE DATE_FORMAT(`date`, '%Y-%m') = inputMonth
    GROUP BY `date`;
END$$

CREATE DEFINER=`root`@`localhost` PROCEDURE `GetSaleMonth` (IN `startDate` DATE, IN `endDate` DATE)   BEGIN
    SELECT 
        s.userId AS userId,
        s.teamId AS teamId,
        s.branchId AS branchId,
        u.name AS userName,
        SUM(s.newIncome) AS newIncome,
        SUM(s.oldIncome) AS oldIncome
    FROM 
        sale_reports s
    INNER JOIN 
        users u ON s.userId = u.id
    WHERE 
        s.date BETWEEN startDate AND endDate
    GROUP BY 
        s.userId,
        s.teamId,
s.branchId;
END$$

CREATE DEFINER=`root`@`localhost` PROCEDURE `GetUserPromotion` (IN `dateFrom` DATE, IN `dateTo` DATE)   BEGIN
    SELECT
        u.id AS userId,
        u.name AS userName,
        u.teamId AS teamId,
        u.branchId AS branchId,
        SUM(m.income) AS income,
        ROUND(AVG(m.income), 0) AS incomeAvg,
        SUM(m.ads) AS adsTotal,
        ROUND(SUM(m.ads)/SUM(m.income)*100, 0) AS adsRate,
        IF(ROUND(AVG(m.income), 0) >= 400000000 and SUM(m.ads)/SUM(m.income)<0.4, "Đạt", "Không đạt") AS review
    FROM 
        `marketing_reports` m
    INNER JOIN 
        users u ON m.userId = u.id
    WHERE 
        m.`date` BETWEEN dateFrom AND dateTo
    GROUP BY 
        u.id,
        u.name;
END$$

DELIMITER ;

-- --------------------------------------------------------

--
-- Cấu trúc bảng cho bảng `bonus_reports`
--

CREATE TABLE `bonus_reports` (
  `id` int NOT NULL,
  `userId` int NOT NULL,
  `position` varchar(128) CHARACTER SET utf8mb4 COLLATE utf8mb4_bin NOT NULL,
  `teamId` int NOT NULL,
  `branchId` int NOT NULL,
  `date` datetime NOT NULL,
  `tern` datetime NOT NULL,
  `record` varchar(1024) CHARACTER SET utf8mb4 COLLATE utf8mb4_bin NOT NULL,
  `content` varchar(4096) CHARACTER SET utf8mb4 COLLATE utf8mb4_bin NOT NULL,
  `documentReference` varchar(4096) CHARACTER SET utf8mb4 COLLATE utf8mb4_bin NOT NULL,
  `value` int DEFAULT NULL,
  `type` enum('bonus','penalty') CHARACTER SET utf8mb4 COLLATE utf8mb4_bin NOT NULL,
  `status` int NOT NULL COMMENT '1.Chờ xử lý\r\n2. Đang xử lý\r\n3. Đã xử lý\r\n4. Hủy',
  `createdAt` datetime DEFAULT CURRENT_TIMESTAMP,
  `updatedAt` datetime DEFAULT CURRENT_TIMESTAMP ON UPDATE CURRENT_TIMESTAMP
) ENGINE=InnoDB DEFAULT CHARSET=utf8mb4 COLLATE=utf8mb4_bin;

--
-- Đang đổ dữ liệu cho bảng `bonus_reports`
--

INSERT INTO `bonus_reports` (`id`, `userId`, `position`, `teamId`, `branchId`, `date`, `tern`, `record`, `content`, `documentReference`, `value`, `type`, `status`, `createdAt`, `updatedAt`) VALUES
(5, 43, 'CTV', 8, 5, '2024-12-03 00:00:00', '2024-12-01 00:00:00', 'BBVP 067', 'Vi phạm về quy trình làm việc, không xử lý và lên đơn ', 'Mục 18 - Quy định xử lý vi phạm nội bộ ', 100000, 'penalty', 3, '2024-12-11 09:07:06', '2024-12-11 09:07:06');

-- --------------------------------------------------------

--
-- Cấu trúc bảng cho bảng `branches`
--

CREATE TABLE `branches` (
  `id` int NOT NULL,
  `name` varchar(256) CHARACTER SET utf8mb4 COLLATE utf8mb4_bin NOT NULL,
  `createdAt` datetime DEFAULT CURRENT_TIMESTAMP,
  `updatedAt` datetime DEFAULT CURRENT_TIMESTAMP ON UPDATE CURRENT_TIMESTAMP
) ENGINE=InnoDB DEFAULT CHARSET=utf8mb4 COLLATE=utf8mb4_bin;

--
-- Đang đổ dữ liệu cho bảng `branches`
--

INSERT INTO `branches` (`id`, `name`, `createdAt`, `updatedAt`) VALUES
(1, 'MACAS AUTO', '2024-11-27 18:30:10', '2024-11-27 18:30:10'),
(2, 'MACAS HOME', '2024-12-01 09:32:32', '2024-12-01 10:17:45'),
(5, 'SALE & CSKH', '2024-12-02 12:02:34', '2024-12-07 08:09:04'),
(6, 'OFFICE', '2024-12-02 12:02:39', '2024-12-02 12:02:39');

-- --------------------------------------------------------

--
-- Cấu trúc bảng cho bảng `income_reports`
--

CREATE TABLE `income_reports` (
  `id` int NOT NULL,
  `userId` int NOT NULL,
  `branchId` int NOT NULL,
  `adsRate` int NOT NULL,
  `teamId` int NOT NULL,
  `position` varchar(128) CHARACTER SET utf8mb4 COLLATE utf8mb4_bin NOT NULL,
  `tern` datetime NOT NULL,
  `income` int NOT NULL,
  `createdAt` datetime DEFAULT CURRENT_TIMESTAMP,
  `updatedAt` datetime DEFAULT CURRENT_TIMESTAMP ON UPDATE CURRENT_TIMESTAMP
) ENGINE=InnoDB DEFAULT CHARSET=utf8mb4 COLLATE=utf8mb4_bin;

--
-- Đang đổ dữ liệu cho bảng `income_reports`
--

INSERT INTO `income_reports` (`id`, `userId`, `branchId`, `adsRate`, `teamId`, `position`, `tern`, `income`, `createdAt`, `updatedAt`) VALUES
(2, 1, 2, 100, 4, 'Giám đốc', '2024-12-01 00:00:00', 100, '2024-12-11 09:28:55', '2024-12-12 10:41:57');

-- --------------------------------------------------------

--
-- Cấu trúc bảng cho bảng `marketing_reports`
--

CREATE TABLE `marketing_reports` (
  `id` int NOT NULL,
  `userId` int NOT NULL,
  `date` datetime NOT NULL,
  `income` int NOT NULL,
  `ads` int NOT NULL,
  `teamId` int NOT NULL,
  `branchId` int NOT NULL,
  `win` int NOT NULL,
  `orderCount` int NOT NULL,
  `createdAt` datetime DEFAULT CURRENT_TIMESTAMP,
  `updatedAt` datetime DEFAULT CURRENT_TIMESTAMP ON UPDATE CURRENT_TIMESTAMP
) ENGINE=InnoDB DEFAULT CHARSET=utf8mb4 COLLATE=utf8mb4_bin;

--
-- Đang đổ dữ liệu cho bảng `marketing_reports`
--

INSERT INTO `marketing_reports` (`id`, `userId`, `date`, `income`, `ads`, `teamId`, `branchId`, `win`, `orderCount`, `createdAt`, `updatedAt`) VALUES
(1, 27, '2024-12-01 00:00:00', 3830000, 2020853, 2, 2, 0, 0, '2024-12-02 10:44:41', '2024-12-02 10:44:41'),
(2, 36, '2024-12-01 00:00:00', 5550000, 1811458, 1, 2, 0, 0, '2024-12-02 10:45:02', '2024-12-02 10:46:07'),
(3, 34, '2024-12-01 00:00:00', 13060000, 5734117, 6, 1, 0, 0, '2024-12-02 10:45:02', '2024-12-02 10:45:02'),
(4, 17, '2024-12-01 00:00:00', 5638000, 2048495, 5, 1, 0, 0, '2024-12-02 10:45:11', '2024-12-02 10:45:11'),
(6, 32, '2024-12-01 00:00:00', 22970000, 6701871, 3, 2, 0, 0, '2024-12-02 10:45:20', '2024-12-02 10:45:20'),
(8, 31, '2024-12-01 00:00:00', 2918000, 1500000, 1, 2, 0, 0, '2024-12-02 10:45:26', '2024-12-02 10:45:26'),
(9, 20, '2024-12-01 00:00:00', 12835000, 5355919, 4, 1, 0, 0, '2024-12-02 10:45:40', '2024-12-02 10:45:40'),
(10, 33, '2024-12-01 00:00:00', 16190000, 5151823, 4, 1, 0, 0, '2024-12-02 10:45:44', '2024-12-02 10:45:44'),
(11, 30, '2024-12-01 00:00:00', 36390000, 13747234, 1, 2, 0, 0, '2024-12-02 10:45:45', '2024-12-02 10:45:45'),
(12, 16, '2024-12-01 00:00:00', 3910000, 1835000, 4, 1, 0, 0, '2024-12-02 10:45:45', '2024-12-02 10:45:45'),
(13, 28, '2024-12-01 00:00:00', 6990000, 2500966, 1, 2, 0, 0, '2024-12-02 10:45:47', '2024-12-02 10:45:47'),
(16, 19, '2024-12-01 00:00:00', 5520000, 2273000, 5, 1, 0, 0, '2024-12-02 10:46:02', '2024-12-02 10:46:02'),
(18, 18, '2024-12-01 00:00:00', 500000, 702124, 5, 1, 0, 0, '2024-12-02 10:46:25', '2024-12-02 10:46:25'),
(21, 21, '2024-12-01 00:00:00', 18560000, 5041990, 1, 2, 0, 0, '2024-12-02 10:47:39', '2024-12-02 10:47:39'),
(22, 25, '2024-12-01 00:00:00', 3330000, 2378472, 1, 2, 0, 0, '2024-12-02 10:47:43', '2024-12-02 10:47:43'),
(25, 24, '2024-12-01 00:00:00', 15740000, 6455324, 2, 2, 0, 0, '2024-12-02 10:47:43', '2024-12-02 10:47:43'),
(32, 22, '2024-12-01 00:00:00', 16640000, 5527630, 4, 1, 0, 0, '2024-12-02 10:49:02', '2024-12-02 10:49:02'),
(34, 37, '2024-12-01 00:00:00', 21950000, 8131000, 1, 2, 0, 0, '2024-12-02 10:49:24', '2024-12-02 10:49:24'),
(35, 35, '2024-12-01 00:00:00', 10430000, 2863075, 4, 1, 0, 0, '2024-12-02 10:49:44', '2024-12-02 10:49:44'),
(36, 23, '2024-12-01 00:00:00', 30160000, 9777572, 4, 1, 0, 0, '2024-12-02 13:55:33', '2024-12-02 13:55:33'),
(37, 36, '2024-12-02 00:00:00', 8090000, 3469077, 1, 2, 0, 0, '2024-12-02 23:12:26', '2024-12-02 23:12:26'),
(38, 34, '2024-12-02 00:00:00', 24000000, 6500093, 6, 1, 0, 0, '2024-12-02 23:16:08', '2024-12-02 23:16:08'),
(39, 23, '2024-12-02 00:00:00', 75890000, 22883235, 4, 1, 0, 0, '2024-12-02 23:24:50', '2024-12-02 23:40:32'),
(42, 30, '2024-12-02 00:00:00', 27900000, 8843691, 1, 2, 0, 0, '2024-12-02 23:41:02', '2024-12-02 23:41:02'),
(43, 35, '2024-12-02 00:00:00', 16600000, 5046326, 4, 1, 0, 0, '2024-12-03 07:47:58', '2024-12-03 07:47:58'),
(44, 18, '2024-12-02 00:00:00', 1020000, 1086763, 5, 1, 0, 0, '2024-12-03 09:00:00', '2024-12-03 09:00:00'),
(45, 27, '2024-12-02 00:00:00', 4090000, 1911864, 2, 2, 0, 0, '2024-12-03 09:06:26', '2024-12-03 09:06:26'),
(46, 20, '2024-12-02 00:00:00', 8690000, 3268132, 4, 1, 0, 0, '2024-12-03 09:07:27', '2024-12-03 09:07:27'),
(47, 17, '2024-12-02 00:00:00', 12190000, 3770038, 5, 1, 0, 0, '2024-12-03 09:08:08', '2024-12-03 09:08:08'),
(48, 33, '2024-12-02 00:00:00', 5990000, 2178831, 4, 1, 0, 0, '2024-12-03 09:08:09', '2024-12-03 09:08:09'),
(51, 29, '2024-12-01 00:00:00', 6860000, 2590000, 4, 1, 0, 0, '2024-12-03 09:10:33', '2024-12-03 09:10:33'),
(52, 29, '2024-12-02 00:00:00', 6980000, 2710000, 4, 1, 0, 0, '2024-12-03 09:11:03', '2024-12-03 09:11:03'),
(53, 25, '2024-12-02 00:00:00', 10230000, 3818513, 1, 2, 0, 0, '2024-12-03 09:11:24', '2024-12-03 09:11:24'),
(54, 26, '2024-12-01 00:00:00', 26330000, 6793513, 5, 1, 0, 0, '2024-12-03 09:12:43', '2024-12-03 09:12:43'),
(55, 26, '2024-12-02 00:00:00', 42740000, 8691904, 5, 1, 0, 0, '2024-12-03 09:13:05', '2024-12-03 09:13:05'),
(57, 22, '2024-12-02 00:00:00', 7470000, 3092629, 4, 1, 0, 0, '2024-12-03 09:14:31', '2024-12-03 09:14:31'),
(58, 24, '2024-12-02 00:00:00', 16550000, 5199020, 2, 2, 0, 0, '2024-12-03 09:14:47', '2024-12-03 09:14:47'),
(59, 21, '2024-12-02 00:00:00', 18970000, 5657264, 1, 2, 0, 0, '2024-12-03 09:16:22', '2024-12-03 09:16:22'),
(60, 37, '2024-12-02 00:00:00', 21930000, 7663000, 1, 2, 0, 0, '2024-12-03 09:17:57', '2024-12-03 09:17:57'),
(65, 19, '2024-12-02 00:00:00', 4710000, 1122000, 5, 1, 0, 0, '2024-12-03 09:37:38', '2024-12-03 09:37:38'),
(66, 32, '2024-12-02 00:00:00', 23350000, 6973773, 3, 2, 0, 0, '2024-12-03 09:39:43', '2024-12-03 09:39:43'),
(67, 28, '2024-12-02 00:00:00', 5870000, 2430492, 1, 2, 0, 0, '2024-12-03 09:40:29', '2024-12-03 09:40:29'),
(69, 22, '2024-12-03 00:00:00', 5925000, 2944454, 4, 1, 0, 0, '2024-12-03 22:54:28', '2024-12-03 22:54:28'),
(70, 36, '2024-12-03 00:00:00', 6360000, 2513912, 1, 2, 0, 0, '2024-12-03 22:57:31', '2024-12-03 22:57:31'),
(71, 35, '2024-12-03 00:00:00', 13560000, 4303086, 4, 1, 0, 0, '2024-12-03 23:08:24', '2024-12-03 23:08:24'),
(72, 34, '2024-12-03 00:00:00', 10340000, 3161207, 6, 1, 0, 0, '2024-12-03 23:10:09', '2024-12-03 23:10:09'),
(73, 30, '2024-12-03 00:00:00', 61195000, 17520294, 1, 2, 0, 0, '2024-12-03 23:11:58', '2024-12-03 23:11:58'),
(74, 26, '2024-12-03 00:00:00', 49840000, 8803524, 5, 1, 0, 0, '2024-12-03 23:19:03', '2024-12-03 23:19:03'),
(75, 29, '2024-12-03 00:00:00', 2890000, 1480000, 4, 1, 0, 0, '2024-12-03 23:29:53', '2024-12-03 23:29:53'),
(76, 23, '2024-12-03 00:00:00', 37880000, 13367739, 4, 1, 0, 0, '2024-12-04 00:45:27', '2024-12-04 00:45:27'),
(78, 31, '2024-12-02 00:00:00', 3570000, 1252000, 1, 2, 0, 0, '2024-12-04 07:39:11', '2024-12-04 07:39:11'),
(79, 31, '2024-12-03 00:00:00', 2740000, 1041000, 1, 2, 0, 0, '2024-12-04 07:39:54', '2024-12-04 07:39:54'),
(80, 32, '2024-12-03 00:00:00', 35720000, 7368714, 3, 2, 0, 0, '2024-12-04 09:00:41', '2024-12-04 09:00:41'),
(81, 18, '2024-12-03 00:00:00', 780000, 973571, 5, 1, 0, 0, '2024-12-04 09:06:42', '2024-12-04 09:06:42'),
(82, 17, '2024-12-03 00:00:00', 9615000, 3145737, 5, 1, 0, 0, '2024-12-04 09:08:23', '2024-12-04 09:08:23'),
(83, 37, '2024-12-03 00:00:00', 11780000, 5106000, 1, 2, 0, 0, '2024-12-04 09:09:37', '2024-12-04 09:09:37'),
(84, 25, '2024-12-03 00:00:00', 11270000, 4160592, 1, 2, 0, 0, '2024-12-04 09:11:24', '2024-12-04 09:11:24'),
(85, 28, '2024-12-03 00:00:00', 11810000, 4054540, 1, 2, 0, 0, '2024-12-04 09:11:42', '2024-12-04 09:11:42'),
(86, 20, '2024-12-03 00:00:00', 13610000, 4548351, 4, 1, 0, 0, '2024-12-04 09:14:12', '2024-12-04 09:14:12'),
(87, 33, '2024-12-03 00:00:00', 4154000, 1858854, 4, 1, 0, 0, '2024-12-04 09:14:19', '2024-12-04 09:14:19'),
(88, 27, '2024-12-03 00:00:00', 11030000, 3062925, 2, 2, 0, 0, '2024-12-04 09:15:50', '2024-12-04 09:15:50'),
(89, 19, '2024-12-03 00:00:00', 5880000, 2856000, 5, 1, 0, 0, '2024-12-04 09:15:53', '2024-12-04 09:15:53'),
(90, 21, '2024-12-03 00:00:00', 21680000, 6395942, 1, 2, 0, 0, '2024-12-04 09:32:46', '2024-12-04 09:32:46'),
(92, 24, '2024-12-03 00:00:00', 12630000, 5253346, 2, 2, 0, 0, '2024-12-04 09:36:56', '2024-12-04 09:36:56'),
(93, 33, '2024-12-04 00:00:00', 6200000, 2545224, 4, 1, 0, 0, '2024-12-04 22:32:41', '2024-12-04 22:32:41'),
(94, 31, '2024-12-04 00:00:00', 6680000, 1071000, 1, 2, 0, 0, '2024-12-04 22:58:31', '2024-12-04 22:58:31'),
(95, 22, '2024-12-04 00:00:00', 8140000, 3066125, 4, 1, 0, 0, '2024-12-04 23:02:41', '2024-12-04 23:02:41'),
(96, 29, '2024-12-04 00:00:00', 8790000, 2202732, 4, 1, 0, 0, '2024-12-04 23:18:44', '2024-12-04 23:18:44'),
(97, 35, '2024-12-04 00:00:00', 22585000, 7901477, 4, 1, 0, 0, '2024-12-04 23:33:50', '2024-12-04 23:33:50'),
(98, 34, '2024-12-04 00:00:00', 23050000, 8310670, 6, 1, 0, 0, '2024-12-04 23:45:16', '2024-12-04 23:45:16'),
(99, 23, '2024-12-04 00:00:00', 39860000, 12429733, 4, 1, 0, 0, '2024-12-04 23:46:54', '2024-12-04 23:46:54'),
(100, 30, '2024-12-04 00:00:00', 26080000, 10646586, 1, 2, 0, 0, '2024-12-05 00:02:01', '2024-12-05 00:02:01'),
(101, 26, '2024-12-04 00:00:00', 20585000, 6089216, 5, 1, 0, 0, '2024-12-05 00:36:05', '2024-12-05 00:36:05'),
(102, 36, '2024-12-04 00:00:00', 8870000, 2673885, 1, 2, 0, 0, '2024-12-05 08:59:24', '2024-12-05 09:45:20'),
(103, 18, '2024-12-04 00:00:00', 980000, 989989, 5, 1, 0, 0, '2024-12-05 09:01:58', '2024-12-05 09:01:58'),
(104, 28, '2024-12-04 00:00:00', 8020000, 3956447, 1, 2, 0, 0, '2024-12-05 09:06:12', '2024-12-05 09:06:12'),
(105, 25, '2024-12-04 00:00:00', 9910000, 3878091, 1, 2, 0, 0, '2024-12-05 09:07:24', '2024-12-05 09:07:24'),
(106, 27, '2024-12-04 00:00:00', 7380000, 2022027, 2, 2, 0, 0, '2024-12-05 09:08:43', '2024-12-05 09:36:43'),
(107, 17, '2024-12-04 00:00:00', 5800000, 2228727, 5, 1, 0, 0, '2024-12-05 09:09:12', '2024-12-05 09:09:12'),
(108, 32, '2024-12-04 00:00:00', 59059000, 8671382, 3, 2, 0, 0, '2024-12-05 09:10:10', '2024-12-05 09:10:10'),
(109, 21, '2024-12-04 00:00:00', 19970000, 7163589, 1, 2, 0, 0, '2024-12-05 09:10:46', '2024-12-05 09:10:46'),
(110, 19, '2024-12-04 00:00:00', 12320000, 3985000, 5, 1, 0, 0, '2024-12-05 09:13:08', '2024-12-05 09:13:08'),
(111, 20, '2024-12-04 00:00:00', 8545000, 3212726, 4, 1, 0, 0, '2024-12-05 09:14:27', '2024-12-05 09:14:27'),
(113, 37, '2024-12-04 00:00:00', 15470000, 4655000, 1, 2, 0, 0, '2024-12-05 09:34:30', '2024-12-05 09:34:30'),
(114, 24, '2024-12-04 00:00:00', 14270000, 4722111, 2, 2, 0, 0, '2024-12-05 10:59:41', '2024-12-05 10:59:41'),
(115, 22, '2024-12-05 00:00:00', 7610000, 2884527, 4, 1, 0, 0, '2024-12-05 22:57:37', '2024-12-05 22:57:37'),
(116, 29, '2024-12-05 00:00:00', 10665000, 3025030, 4, 1, 0, 0, '2024-12-05 23:08:08', '2024-12-05 23:08:08'),
(117, 18, '2024-12-05 00:00:00', 2850000, 1719621, 5, 1, 0, 0, '2024-12-05 23:15:10', '2024-12-05 23:15:10'),
(118, 26, '2024-12-05 00:00:00', 19970000, 4649689, 5, 1, 0, 0, '2024-12-05 23:16:41', '2024-12-05 23:16:41'),
(119, 30, '2024-12-05 00:00:00', 27940000, 9596377, 1, 2, 0, 0, '2024-12-05 23:17:49', '2024-12-05 23:17:49'),
(120, 34, '2024-12-05 00:00:00', 12580000, 4748529, 6, 1, 0, 0, '2024-12-05 23:26:07', '2024-12-05 23:26:07'),
(121, 35, '2024-12-05 00:00:00', 26110000, 8084156, 4, 1, 0, 0, '2024-12-05 23:28:38', '2024-12-05 23:28:38'),
(122, 33, '2024-12-05 00:00:00', 8520000, 3120729, 4, 1, 0, 0, '2024-12-05 23:28:46', '2024-12-05 23:28:46'),
(123, 24, '2024-12-05 00:00:00', 13730000, 4985907, 2, 2, 0, 0, '2024-12-06 00:06:34', '2024-12-06 00:06:34'),
(124, 23, '2024-12-05 00:00:00', 44690000, 14076208, 4, 1, 0, 0, '2024-12-06 00:07:13', '2024-12-06 00:07:13'),
(126, 31, '2024-12-05 00:00:00', 6730000, 2216000, 1, 2, 0, 0, '2024-12-06 09:01:19', '2024-12-06 09:01:19'),
(127, 20, '2024-12-05 00:00:00', 4410000, 2359125, 4, 1, 0, 0, '2024-12-06 09:03:58', '2024-12-06 09:03:58'),
(128, 36, '2024-12-05 00:00:00', 5070000, 2901670, 1, 2, 0, 0, '2024-12-06 09:04:56', '2024-12-06 09:04:56'),
(129, 27, '2024-12-05 00:00:00', 3270000, 2217837, 2, 2, 0, 0, '2024-12-06 09:06:31', '2024-12-06 09:06:31'),
(130, 25, '2024-12-05 00:00:00', 4180000, 2202888, 1, 2, 0, 0, '2024-12-06 09:07:46', '2024-12-06 09:07:46'),
(131, 21, '2024-12-05 00:00:00', 19200000, 5970450, 1, 2, 0, 0, '2024-12-06 09:08:05', '2024-12-06 09:08:05'),
(132, 37, '2024-12-05 00:00:00', 15640000, 6288000, 1, 2, 0, 0, '2024-12-06 09:10:23', '2024-12-06 09:10:23'),
(133, 32, '2024-12-05 00:00:00', 31650000, 4370675, 3, 2, 0, 0, '2024-12-06 09:10:43', '2024-12-06 09:10:43'),
(134, 28, '2024-12-05 00:00:00', 9090000, 3638350, 1, 2, 0, 0, '2024-12-06 09:11:42', '2024-12-06 09:11:42'),
(135, 19, '2024-12-05 00:00:00', 4200000, 1280000, 5, 1, 0, 0, '2024-12-06 09:12:05', '2024-12-06 09:12:05'),
(136, 17, '2024-12-05 00:00:00', 6010000, 2366743, 5, 1, 0, 0, '2024-12-06 09:16:09', '2024-12-06 09:16:09'),
(137, 22, '2024-12-06 00:00:00', 5790000, 2586284, 4, 1, 0, 0, '2024-12-06 22:57:37', '2024-12-06 22:57:37'),
(140, 30, '2024-12-06 00:00:00', 18900000, 6112303, 1, 2, 0, 0, '2024-12-06 23:16:45', '2024-12-06 23:16:45'),
(141, 33, '2024-12-06 00:00:00', 11440000, 3576486, 4, 1, 0, 0, '2024-12-06 23:19:28', '2024-12-06 23:19:28'),
(142, 35, '2024-12-06 00:00:00', 20820000, 7010835, 4, 1, 0, 0, '2024-12-06 23:32:36', '2024-12-06 23:32:36'),
(143, 36, '2024-12-06 00:00:00', 7310000, 2705098, 1, 2, 0, 0, '2024-12-07 02:08:59', '2024-12-07 02:08:59'),
(144, 16, '2024-12-06 00:00:00', 3920000, 1528000, 4, 1, 0, 0, '2024-12-07 07:49:41', '2024-12-07 07:49:41'),
(145, 29, '2024-12-06 00:00:00', 10440000, 3162047, 4, 1, 0, 0, '2024-12-07 08:29:05', '2024-12-07 08:29:05'),
(146, 19, '2024-12-06 00:00:00', 4850000, 1767000, 5, 1, 0, 0, '2024-12-07 08:52:17', '2024-12-07 08:52:17'),
(147, 23, '2024-12-06 00:00:00', 36790000, 11682189, 4, 1, 0, 0, '2024-12-07 08:59:12', '2024-12-07 08:59:12'),
(148, 20, '2024-12-06 00:00:00', 6830000, 2589321, 4, 1, 0, 0, '2024-12-07 09:08:05', '2024-12-07 09:08:05'),
(149, 32, '2024-12-06 00:00:00', 24890000, 4999283, 3, 2, 0, 0, '2024-12-07 09:08:05', '2024-12-07 09:08:05'),
(150, 17, '2024-12-06 00:00:00', 8130000, 2600271, 5, 1, 0, 0, '2024-12-07 09:09:52', '2024-12-07 09:09:52'),
(151, 31, '2024-12-06 00:00:00', 2510000, 1539000, 1, 2, 0, 0, '2024-12-07 09:13:10', '2024-12-07 09:13:10'),
(152, 34, '2024-12-06 00:00:00', 17000000, 5901114, 6, 1, 0, 0, '2024-12-07 09:15:12', '2024-12-07 10:00:55'),
(153, 26, '2024-12-06 00:00:00', 33630000, 10683401, 5, 1, 0, 0, '2024-12-07 09:15:58', '2024-12-07 09:16:11'),
(154, 25, '2024-12-06 00:00:00', 2720000, 1277615, 1, 2, 0, 0, '2024-12-07 09:17:30', '2024-12-07 09:17:30'),
(155, 21, '2024-12-06 00:00:00', 23860000, 6714996, 1, 2, 0, 0, '2024-12-07 09:17:38', '2024-12-07 09:17:38'),
(156, 18, '2024-12-06 00:00:00', 2150000, 1367319, 5, 1, 0, 0, '2024-12-07 09:19:09', '2024-12-07 09:19:09'),
(157, 28, '2024-12-06 00:00:00', 7900000, 3232529, 1, 2, 0, 0, '2024-12-07 09:20:01', '2024-12-07 09:20:27'),
(158, 37, '2024-12-06 00:00:00', 31785000, 10672000, 1, 2, 0, 0, '2024-12-07 09:41:23', '2024-12-07 09:41:23'),
(159, 27, '2024-12-06 00:00:00', 5590000, 2616478, 2, 2, 0, 0, '2024-12-07 09:52:31', '2024-12-07 09:52:31'),
(160, 16, '2024-12-05 00:00:00', 6640000, 2560000, 4, 1, 0, 0, '2024-12-07 13:57:35', '2024-12-07 13:57:35'),
(161, 24, '2024-12-06 00:00:00', 15940000, 6432466, 2, 2, 0, 0, '2024-12-07 14:07:27', '2024-12-07 14:07:27'),
(162, 16, '2024-12-04 00:00:00', 3940000, 1925000, 4, 1, 0, 0, '2024-12-07 14:14:18', '2024-12-07 14:14:18'),
(163, 16, '2024-12-03 00:00:00', 4295000, 2230000, 4, 1, 0, 0, '2024-12-07 14:15:15', '2024-12-07 14:15:15'),
(164, 16, '2024-12-02 00:00:00', 7310000, 3120000, 4, 1, 0, 0, '2024-12-07 14:15:56', '2024-12-07 14:15:56'),
(165, 34, '2024-12-07 00:00:00', 17060000, 5134183, 6, 1, 0, 0, '2024-12-07 22:54:30', '2024-12-07 22:54:30'),
(166, 18, '2024-12-07 00:00:00', 2700000, 1523238, 5, 1, 0, 0, '2024-12-07 23:17:07', '2024-12-07 23:17:07'),
(167, 29, '2024-12-07 00:00:00', 10090000, 2399631, 4, 1, 0, 0, '2024-12-07 23:29:39', '2024-12-07 23:29:39'),
(168, 36, '2024-12-07 00:00:00', 9440000, 2586040, 1, 2, 0, 0, '2024-12-07 23:35:49', '2024-12-07 23:35:49'),
(169, 33, '2024-12-07 00:00:00', 6910000, 2542442, 4, 1, 0, 0, '2024-12-07 23:39:23', '2024-12-07 23:39:23'),
(170, 24, '2024-12-07 00:00:00', 15300000, 5864629, 2, 2, 0, 0, '2024-12-07 23:43:31', '2024-12-07 23:43:31'),
(172, 23, '2024-12-07 00:00:00', 30690000, 10246071, 4, 1, 0, 0, '2024-12-07 23:50:46', '2024-12-07 23:50:46'),
(173, 30, '2024-12-07 00:00:00', 16350000, 6163760, 1, 2, 0, 0, '2024-12-07 23:59:12', '2024-12-07 23:59:12'),
(174, 19, '2024-12-07 00:00:00', 4735000, 2115000, 5, 1, 0, 0, '2024-12-08 00:06:48', '2024-12-08 00:06:48'),
(175, 17, '2024-12-07 00:00:00', 6290000, 2182769, 5, 1, 0, 0, '2024-12-08 08:58:08', '2024-12-08 20:23:12'),
(176, 32, '2024-12-07 00:00:00', 60275000, 7768620, 3, 2, 0, 0, '2024-12-08 09:37:02', '2024-12-08 09:37:02'),
(177, 22, '2024-12-07 00:00:00', 5660000, 2595447, 4, 1, 0, 0, '2024-12-08 09:40:22', '2024-12-08 09:40:22'),
(178, 26, '2024-12-07 00:00:00', 19810000, 6468598, 5, 1, 0, 0, '2024-12-08 20:24:23', '2024-12-08 20:24:23'),
(179, 26, '2024-12-08 00:00:00', 12570000, 5469891, 5, 1, 0, 0, '2024-12-08 22:51:42', '2024-12-08 22:51:42'),
(180, 18, '2024-12-08 00:00:00', 1860000, 1858094, 5, 1, 0, 0, '2024-12-08 23:04:29', '2024-12-08 23:04:29'),
(181, 36, '2024-12-08 00:00:00', 7330000, 1940077, 1, 2, 0, 0, '2024-12-08 23:11:19', '2024-12-08 23:11:19'),
(182, 22, '2024-12-08 00:00:00', 10590000, 4157952, 4, 1, 0, 0, '2024-12-08 23:11:41', '2024-12-08 23:11:41'),
(183, 30, '2024-12-08 00:00:00', 22850000, 7218394, 1, 2, 0, 0, '2024-12-08 23:14:32', '2024-12-09 09:32:02'),
(184, 23, '2024-12-08 00:00:00', 15110000, 5699166, 4, 1, 0, 0, '2024-12-08 23:18:31', '2024-12-08 23:18:31'),
(185, 32, '2024-12-08 00:00:00', 25788000, 4724734, 3, 2, 0, 0, '2024-12-08 23:20:31', '2024-12-08 23:20:31'),
(186, 27, '2024-12-08 00:00:00', 4960000, 2184370, 2, 2, 0, 0, '2024-12-08 23:22:10', '2024-12-08 23:22:10'),
(187, 27, '2024-12-07 00:00:00', 7720000, 2000431, 2, 2, 0, 0, '2024-12-08 23:22:25', '2024-12-08 23:22:25'),
(188, 35, '2024-12-08 00:00:00', 53570000, 18606822, 4, 1, 0, 0, '2024-12-08 23:24:06', '2024-12-08 23:24:06'),
(189, 35, '2024-12-07 00:00:00', 66280000, 19330262, 4, 1, 0, 0, '2024-12-08 23:24:56', '2024-12-08 23:24:56'),
(190, 33, '2024-12-08 00:00:00', 7460000, 2401224, 4, 1, 0, 0, '2024-12-08 23:37:49', '2024-12-08 23:37:49'),
(191, 24, '2024-12-08 00:00:00', 12860000, 5235148, 2, 2, 0, 0, '2024-12-08 23:40:10', '2024-12-08 23:40:10'),
(192, 34, '2024-12-08 00:00:00', 19070000, 6365429, 6, 1, 0, 0, '2024-12-08 23:43:02', '2024-12-08 23:43:02'),
(193, 29, '2024-12-08 00:00:00', 9460000, 2928414, 4, 1, 0, 0, '2024-12-08 23:47:20', '2024-12-08 23:47:20'),
(194, 31, '2024-12-07 00:00:00', 1979000, 731000, 1, 2, 0, 0, '2024-12-09 00:14:10', '2024-12-09 00:14:10'),
(195, 31, '2024-12-08 00:00:00', 3335000, 1530000, 1, 2, 0, 0, '2024-12-09 00:14:33', '2024-12-09 00:14:33'),
(196, 20, '2024-12-07 00:00:00', 6570000, 2796348, 4, 1, 0, 0, '2024-12-09 04:11:21', '2024-12-09 04:11:21'),
(197, 20, '2024-12-08 00:00:00', 6910000, 2790222, 4, 1, 0, 0, '2024-12-09 04:11:43', '2024-12-09 04:11:43'),
(198, 17, '2024-12-08 00:00:00', 4880000, 1950040, 5, 1, 0, 0, '2024-12-09 08:50:55', '2024-12-09 08:50:55'),
(199, 25, '2024-12-07 00:00:00', 4180000, 1651539, 1, 2, 0, 0, '2024-12-09 09:02:50', '2024-12-09 09:02:50'),
(200, 25, '2024-12-08 00:00:00', 4210000, 2501605, 1, 2, 0, 0, '2024-12-09 09:05:30', '2024-12-09 09:05:30'),
(201, 21, '2024-12-07 00:00:00', 17870000, 5008181, 1, 2, 0, 0, '2024-12-09 09:11:30', '2024-12-09 09:11:30'),
(202, 16, '2024-12-07 00:00:00', 4590000, 1740000, 4, 1, 0, 0, '2024-12-09 09:12:08', '2024-12-09 09:12:08'),
(203, 21, '2024-12-08 00:00:00', 27950000, 7124802, 1, 2, 0, 0, '2024-12-09 09:12:16', '2024-12-09 09:12:16'),
(204, 16, '2024-12-08 00:00:00', 9040000, 2635000, 4, 1, 0, 0, '2024-12-09 09:12:33', '2024-12-09 09:12:33'),
(205, 28, '2024-12-07 00:00:00', 10520000, 2442323, 1, 2, 0, 0, '2024-12-09 09:15:00', '2024-12-09 09:15:00'),
(206, 37, '2024-12-07 00:00:00', 35980000, 10732000, 1, 2, 0, 0, '2024-12-09 09:15:00', '2024-12-09 09:15:00'),
(207, 28, '2024-12-08 00:00:00', 3230000, 1752340, 1, 2, 0, 0, '2024-12-09 09:15:37', '2024-12-09 09:15:37'),
(208, 37, '2024-12-08 00:00:00', 37450000, 12845000, 1, 2, 0, 0, '2024-12-09 09:15:42', '2024-12-09 09:15:42'),
(209, 19, '2024-12-08 00:00:00', 440000, 0, 5, 1, 0, 0, '2024-12-09 09:15:46', '2024-12-09 13:31:22'),
(210, 22, '2024-12-09 00:00:00', 8730000, 2919910, 4, 1, 0, 0, '2024-12-09 22:57:42', '2024-12-09 22:57:42'),
(211, 27, '2024-12-09 00:00:00', 3490000, 1429448, 2, 2, 0, 0, '2024-12-09 23:06:59', '2024-12-09 23:06:59'),
(212, 36, '2024-12-09 00:00:00', 5540000, 2457215, 1, 2, 0, 0, '2024-12-09 23:08:18', '2024-12-09 23:08:18'),
(213, 29, '2024-12-09 00:00:00', 6140000, 2393539, 4, 1, 0, 0, '2024-12-09 23:10:03', '2024-12-09 23:10:03'),
(214, 26, '2024-12-09 00:00:00', 29910000, 5962428, 5, 1, 0, 0, '2024-12-09 23:14:16', '2024-12-09 23:14:16'),
(215, 23, '2024-12-09 00:00:00', 11330000, 4040204, 4, 1, 0, 0, '2024-12-09 23:17:58', '2024-12-09 23:37:46'),
(216, 32, '2024-12-09 00:00:00', 15390000, 3912455, 3, 2, 0, 0, '2024-12-09 23:29:30', '2024-12-09 23:29:30'),
(217, 34, '2024-12-09 00:00:00', 13195000, 5255728, 6, 1, 0, 0, '2024-12-09 23:40:08', '2024-12-09 23:40:08'),
(218, 30, '2024-12-09 00:00:00', 14250000, 3483304, 1, 2, 0, 0, '2024-12-09 23:41:19', '2024-12-09 23:41:19'),
(219, 24, '2024-12-09 00:00:00', 13780000, 6074886, 2, 2, 0, 0, '2024-12-09 23:48:37', '2024-12-09 23:53:55'),
(220, 16, '2024-12-09 00:00:00', 6840000, 2710000, 4, 1, 0, 0, '2024-12-10 08:10:14', '2024-12-10 08:10:14'),
(221, 18, '2024-12-09 00:00:00', 1950000, 1615619, 5, 1, 0, 0, '2024-12-10 08:50:35', '2024-12-10 08:50:35'),
(222, 25, '2024-12-09 00:00:00', 7050000, 2838906, 1, 2, 0, 0, '2024-12-10 08:59:01', '2024-12-10 08:59:01'),
(223, 37, '2024-12-09 00:00:00', 33993000, 13631000, 1, 2, 0, 0, '2024-12-10 09:00:17', '2024-12-10 09:00:17'),
(224, 31, '2024-12-09 00:00:00', 4330000, 1714000, 1, 2, 0, 0, '2024-12-10 09:04:42', '2024-12-10 09:45:24'),
(225, 33, '2024-12-09 00:00:00', 7940000, 2846418, 4, 1, 0, 0, '2024-12-10 09:07:51', '2024-12-10 09:08:12'),
(226, 19, '2024-12-09 00:00:00', 8730000, 2712000, 5, 1, 0, 0, '2024-12-10 09:09:44', '2024-12-10 09:09:44'),
(227, 20, '2024-12-09 00:00:00', 6520000, 2651157, 4, 1, 0, 0, '2024-12-10 09:09:51', '2024-12-10 09:09:51'),
(228, 21, '2024-12-09 00:00:00', 16500000, 6264503, 1, 2, 0, 0, '2024-12-10 09:15:24', '2024-12-10 09:15:24'),
(229, 28, '2024-12-09 00:00:00', 9970000, 3322865, 1, 2, 0, 0, '2024-12-10 09:16:45', '2024-12-10 09:16:45'),
(230, 17, '2024-12-09 00:00:00', 4880000, 2305985, 5, 1, 0, 0, '2024-12-10 09:16:46', '2024-12-10 09:16:46'),
(232, 35, '2024-12-09 00:00:00', 37770000, 11822047, 4, 1, 0, 0, '2024-12-10 09:25:48', '2024-12-10 09:25:48'),
(233, 22, '2024-12-10 00:00:00', 11815000, 3372564, 4, 1, 0, 0, '2024-12-10 23:00:33', '2024-12-10 23:00:33'),
(234, 35, '2024-12-10 00:00:00', 28180000, 9002379, 4, 1, 0, 0, '2024-12-10 23:21:49', '2024-12-10 23:21:49'),
(235, 29, '2024-12-10 00:00:00', 8600000, 2765462, 4, 1, 0, 0, '2024-12-10 23:23:24', '2024-12-10 23:23:24'),
(236, 34, '2024-12-10 00:00:00', 12705000, 4446971, 6, 1, 0, 0, '2024-12-10 23:25:35', '2024-12-10 23:25:35'),
(237, 30, '2024-12-10 00:00:00', 19310000, 7980748, 1, 2, 0, 0, '2024-12-10 23:31:32', '2024-12-10 23:31:32'),
(238, 32, '2024-12-10 00:00:00', 22540000, 7466290, 3, 2, 0, 0, '2024-12-10 23:38:03', '2024-12-10 23:38:03'),
(239, 26, '2024-12-10 00:00:00', 17310000, 5825079, 5, 1, 0, 0, '2024-12-10 23:46:56', '2024-12-10 23:46:56'),
(240, 24, '2024-12-10 00:00:00', 8270000, 4253916, 2, 2, 0, 0, '2024-12-10 23:47:31', '2024-12-10 23:47:31'),
(241, 23, '2024-12-10 00:00:00', 14600000, 4593547, 4, 1, 0, 0, '2024-12-10 23:50:54', '2024-12-10 23:50:54'),
(242, 18, '2024-12-10 00:00:00', 1810000, 1246602, 5, 1, 0, 0, '2024-12-11 01:49:12', '2024-12-11 01:49:12'),
(243, 20, '2024-12-10 00:00:00', 3860000, 1673112, 4, 1, 0, 0, '2024-12-11 09:05:26', '2024-12-11 09:05:26'),
(244, 36, '2024-12-10 00:00:00', 4580000, 1486038, 1, 2, 0, 0, '2024-12-11 09:06:39', '2024-12-11 09:06:39'),
(245, 28, '2024-12-10 00:00:00', 6470000, 2827142, 1, 2, 0, 0, '2024-12-11 09:06:44', '2024-12-11 09:16:09'),
(246, 33, '2024-12-10 00:00:00', 10540000, 3946971, 4, 1, 0, 0, '2024-12-11 09:06:57', '2024-12-11 09:06:57'),
(247, 17, '2024-12-10 00:00:00', 9775000, 3199564, 5, 1, 0, 0, '2024-12-11 09:06:59', '2024-12-11 09:06:59'),
(248, 31, '2024-12-10 00:00:00', 12240000, 2914000, 1, 2, 0, 0, '2024-12-11 09:07:13', '2024-12-11 09:07:13'),
(249, 25, '2024-12-10 00:00:00', 4780000, 2239035, 1, 2, 0, 0, '2024-12-11 09:09:42', '2024-12-11 09:09:42'),
(250, 19, '2024-12-10 00:00:00', 5670000, 2289000, 5, 1, 0, 0, '2024-12-11 09:13:36', '2024-12-11 09:13:36'),
(251, 37, '2024-12-10 00:00:00', 24010000, 8165000, 1, 2, 0, 0, '2024-12-11 09:15:36', '2024-12-11 09:15:36'),
(252, 21, '2024-12-10 00:00:00', 19890000, 6860128, 1, 2, 0, 0, '2024-12-11 09:20:14', '2024-12-11 09:20:14'),
(253, 27, '2024-12-10 00:00:00', 4140000, 1978477, 2, 2, 0, 0, '2024-12-11 09:22:47', '2024-12-11 09:22:47'),
(254, 16, '2024-12-10 00:00:00', 5330000, 2435000, 4, 1, 0, 0, '2024-12-11 09:37:15', '2024-12-11 09:37:15'),
(255, 22, '2024-12-11 00:00:00', 4530000, 3013227, 4, 1, 0, 0, '2024-12-11 23:00:25', '2024-12-11 23:00:25'),
(256, 29, '2024-12-11 00:00:00', 7120000, 2477808, 4, 1, 0, 0, '2024-12-11 23:05:19', '2024-12-11 23:05:19'),
(257, 32, '2024-12-11 00:00:00', 16160000, 4402017, 3, 2, 0, 0, '2024-12-11 23:17:35', '2024-12-11 23:17:35'),
(258, 18, '2024-12-11 00:00:00', 2180000, 1359943, 5, 1, 0, 0, '2024-12-11 23:23:49', '2024-12-11 23:23:49'),
(264, 16, '2024-12-11 00:00:00', 5740000, 2760000, 4, 1, 0, 0, '2024-12-11 23:28:33', '2024-12-11 23:28:33'),
(265, 35, '2024-12-11 00:00:00', 32100000, 10975423, 4, 1, 0, 0, '2024-12-11 23:31:18', '2024-12-11 23:31:18'),
(266, 33, '2024-12-11 00:00:00', 11090000, 4158278, 4, 1, 0, 0, '2024-12-11 23:36:43', '2024-12-11 23:36:43'),
(267, 34, '2024-12-11 00:00:00', 22575000, 7511319, 6, 1, 0, 0, '2024-12-11 23:37:19', '2024-12-11 23:37:19'),
(268, 19, '2024-12-11 00:00:00', 8349000, 3383000, 5, 1, 0, 0, '2024-12-11 23:37:42', '2024-12-13 09:12:24'),
(269, 26, '2024-12-11 00:00:00', 17420000, 6559799, 5, 1, 0, 0, '2024-12-11 23:40:52', '2024-12-11 23:40:52'),
(270, 30, '2024-12-11 00:00:00', 16410000, 6136107, 1, 2, 0, 0, '2024-12-11 23:42:22', '2024-12-11 23:42:44'),
(271, 24, '2024-12-11 00:00:00', 12150000, 4932838, 2, 2, 0, 0, '2024-12-11 23:50:10', '2024-12-11 23:50:10'),
(272, 23, '2024-12-11 00:00:00', 11490000, 3759183, 4, 1, 0, 0, '2024-12-11 23:58:05', '2024-12-11 23:58:05'),
(273, 17, '2024-12-11 00:00:00', 16800000, 5296332, 5, 1, 0, 0, '2024-12-12 09:00:05', '2024-12-12 09:00:05'),
(274, 27, '2024-12-11 00:00:00', 2630000, 2059282, 2, 2, 0, 0, '2024-12-12 09:08:16', '2024-12-12 09:08:16'),
(276, 31, '2024-12-11 00:00:00', 13040000, 3853000, 1, 2, 0, 0, '2024-12-12 09:11:22', '2024-12-12 09:11:22'),
(277, 21, '2024-12-11 00:00:00', 18600000, 6768392, 1, 2, 0, 0, '2024-12-12 09:12:07', '2024-12-12 09:12:07'),
(278, 37, '2024-12-11 00:00:00', 17250000, 6561000, 1, 2, 0, 0, '2024-12-12 09:12:20', '2024-12-12 09:12:20'),
(279, 28, '2024-12-11 00:00:00', 6330000, 3140000, 1, 2, 0, 0, '2024-12-12 09:13:05', '2024-12-12 09:13:18'),
(280, 20, '2024-12-11 00:00:00', 8880000, 3236247, 4, 1, 0, 0, '2024-12-12 09:13:34', '2024-12-12 09:13:34'),
(281, 36, '2024-12-11 00:00:00', 5400000, 1548592, 1, 2, 0, 0, '2024-12-12 10:56:05', '2024-12-12 10:56:05'),
(282, 32, '2024-12-12 00:00:00', 9400000, 3121058, 3, 2, 0, 0, '2024-12-12 23:10:35', '2024-12-12 23:10:35'),
(283, 29, '2024-12-12 00:00:00', 7440000, 2030227, 4, 1, 0, 0, '2024-12-12 23:11:08', '2024-12-12 23:11:08'),
(284, 33, '2024-12-12 00:00:00', 5605000, 2219030, 4, 1, 0, 0, '2024-12-12 23:20:14', '2024-12-12 23:20:14'),
(285, 26, '2024-12-12 00:00:00', 26320000, 9447809, 5, 1, 0, 0, '2024-12-12 23:30:27', '2024-12-12 23:30:27'),
(286, 34, '2024-12-12 00:00:00', 17310000, 5211678, 6, 1, 0, 0, '2024-12-12 23:33:09', '2024-12-12 23:33:09'),
(287, 23, '2024-12-12 00:00:00', 5140000, 1875434, 4, 1, 0, 0, '2024-12-12 23:38:10', '2024-12-12 23:48:52'),
(288, 35, '2024-12-12 00:00:00', 44874000, 12342265, 4, 1, 0, 0, '2024-12-12 23:45:33', '2024-12-12 23:45:33'),
(289, 30, '2024-12-12 00:00:00', 14750000, 5493724, 1, 2, 0, 0, '2024-12-12 23:46:04', '2024-12-12 23:46:04'),
(290, 18, '2024-12-12 00:00:00', 3670000, 1625004, 5, 1, 0, 0, '2024-12-13 08:55:28', '2024-12-13 08:55:28'),
(291, 17, '2024-12-12 00:00:00', 14750000, 4931572, 5, 1, 0, 0, '2024-12-13 08:58:08', '2024-12-13 08:58:08'),
(292, 36, '2024-12-12 00:00:00', 4470000, 1240020, 1, 2, 1, 0, '2024-12-13 08:59:09', '2024-12-13 08:59:09'),
(293, 28, '2024-12-12 00:00:00', 3500000, 1644487, 1, 2, 0, 0, '2024-12-13 09:04:42', '2024-12-13 09:09:04'),
(294, 16, '2024-12-12 00:00:00', 4690000, 1890000, 4, 1, 0, 0, '2024-12-13 09:05:21', '2024-12-13 09:05:21'),
(295, 25, '2024-12-12 00:00:00', 2610000, 1518144, 1, 2, 0, 0, '2024-12-13 09:09:14', '2024-12-13 09:11:23'),
(296, 31, '2024-12-12 00:00:00', 11240000, 2464000, 1, 2, 0, 0, '2024-12-13 09:10:49', '2024-12-13 09:10:49'),
(297, 21, '2024-12-12 00:00:00', 15060000, 4150804, 1, 2, 0, 0, '2024-12-13 09:11:14', '2024-12-13 09:11:14'),
(298, 19, '2024-12-12 00:00:00', 4820000, 1345000, 5, 1, 0, 0, '2024-12-13 09:11:28', '2024-12-13 09:12:50'),
(299, 37, '2024-12-12 00:00:00', 17080000, 4685000, 1, 2, 0, 0, '2024-12-13 09:11:59', '2024-12-13 09:11:59'),
(300, 22, '2024-12-12 00:00:00', 5935000, 2261368, 4, 1, 0, 0, '2024-12-13 09:16:18', '2024-12-13 09:16:18'),
(301, 27, '2024-12-12 00:00:00', 1570000, 1176559, 2, 2, 0, 0, '2024-12-13 09:17:34', '2024-12-13 09:17:34'),
(302, 20, '2024-12-12 00:00:00', 5475000, 2067537, 4, 1, 0, 0, '2024-12-13 09:17:50', '2024-12-13 09:17:50'),
(303, 24, '2024-12-12 00:00:00', 12178000, 3493251, 2, 2, 0, 0, '2024-12-13 09:19:27', '2024-12-13 09:19:27'),
(304, 22, '2024-12-13 00:00:00', 5990000, 2440306, 4, 1, 0, 0, '2024-12-13 22:52:09', '2024-12-13 22:52:09'),
(305, 26, '2024-12-13 00:00:00', 26310000, 8175745, 5, 1, 0, 0, '2024-12-13 23:04:18', '2024-12-13 23:04:18'),
(306, 29, '2024-12-13 00:00:00', 8675000, 3136804, 4, 1, 0, 0, '2024-12-13 23:16:33', '2024-12-13 23:16:33'),
(307, 32, '2024-12-13 00:00:00', 12600000, 3550139, 3, 2, 0, 0, '2024-12-13 23:17:13', '2024-12-13 23:17:13'),
(308, 35, '2024-12-13 00:00:00', 26945000, 8078727, 4, 1, 0, 0, '2024-12-13 23:17:36', '2024-12-13 23:17:36'),
(309, 36, '2024-12-13 00:00:00', 7790000, 3384304, 1, 2, 0, 0, '2024-12-13 23:23:24', '2024-12-13 23:23:24'),
(310, 33, '2024-12-13 00:00:00', 10570000, 3341777, 4, 1, 0, 0, '2024-12-13 23:32:13', '2024-12-13 23:32:13'),
(311, 24, '2024-12-13 00:00:00', 13735000, 4310528, 2, 2, 0, 0, '2024-12-13 23:33:59', '2024-12-13 23:33:59'),
(312, 23, '2024-12-13 00:00:00', 10080000, 3065283, 4, 1, 0, 0, '2024-12-13 23:35:52', '2024-12-13 23:35:52'),
(314, 34, '2024-12-13 00:00:00', 19020000, 6214190, 6, 1, 0, 0, '2024-12-14 00:07:35', '2024-12-14 00:07:35'),
(315, 17, '2024-12-13 00:00:00', 10950000, 3555358, 5, 1, 0, 0, '2024-12-14 08:57:06', '2024-12-14 08:57:06'),
(316, 18, '2024-12-13 00:00:00', 3750000, 2135318, 5, 1, 0, 0, '2024-12-14 09:00:07', '2024-12-14 09:00:07'),
(317, 21, '2024-12-13 00:00:00', 10110000, 4347003, 1, 2, 0, 0, '2024-12-14 09:04:20', '2024-12-14 09:04:20'),
(318, 16, '2024-12-13 00:00:00', 8520000, 3552000, 4, 1, 0, 0, '2024-12-14 09:06:59', '2024-12-14 09:06:59'),
(319, 28, '2024-12-13 00:00:00', 9320000, 2660298, 1, 2, 0, 0, '2024-12-14 09:08:20', '2024-12-14 09:08:20'),
(320, 19, '2024-12-13 00:00:00', 12730000, 5152000, 5, 1, 0, 0, '2024-12-14 09:10:00', '2024-12-14 09:10:00'),
(321, 20, '2024-12-13 00:00:00', 7030000, 2685280, 4, 1, 0, 0, '2024-12-14 09:10:19', '2024-12-14 09:10:19'),
(322, 25, '2024-12-13 00:00:00', 5130000, 2110144, 1, 2, 0, 0, '2024-12-14 09:12:30', '2024-12-14 09:12:30'),
(323, 31, '2024-12-13 00:00:00', 12010000, 2485000, 1, 2, 0, 0, '2024-12-14 09:12:53', '2024-12-14 09:12:53'),
(324, 25, '2024-12-11 00:00:00', 4660000, 2357544, 1, 2, 0, 0, '2024-12-14 09:15:49', '2024-12-14 09:15:49'),
(325, 37, '2024-12-13 00:00:00', 17200000, 5124000, 1, 2, 0, 0, '2024-12-14 09:18:11', '2024-12-14 09:18:11'),
(326, 30, '2024-12-13 00:00:00', 11730000, 4266908, 1, 2, 0, 0, '2024-12-14 09:21:00', '2024-12-14 09:21:00'),
(327, 27, '2024-12-13 00:00:00', 11250000, 3074571, 2, 2, 0, 0, '2024-12-14 09:22:57', '2024-12-14 09:22:57'),
(328, 22, '2024-12-14 00:00:00', 8010000, 3172421, 4, 1, 0, 0, '2024-12-14 22:50:11', '2024-12-14 22:50:11'),
(329, 34, '2024-12-14 00:00:00', 28720000, 8577011, 6, 1, 0, 0, '2024-12-14 23:08:24', '2024-12-14 23:08:24'),
(330, 27, '2024-12-14 00:00:00', 10830000, 3328370, 2, 2, 0, 0, '2024-12-14 23:13:10', '2024-12-14 23:13:10'),
(331, 36, '2024-12-14 00:00:00', 6090000, 2298546, 1, 2, 0, 0, '2024-12-14 23:14:34', '2024-12-14 23:14:34'),
(332, 29, '2024-12-14 00:00:00', 9543000, 2716999, 4, 1, 0, 0, '2024-12-14 23:17:32', '2024-12-14 23:17:32'),
(333, 26, '2024-12-14 00:00:00', 19410000, 4586541, 5, 1, 0, 0, '2024-12-14 23:18:28', '2024-12-14 23:18:28'),
(334, 24, '2024-12-14 00:00:00', 6855000, 2843601, 2, 2, 0, 0, '2024-12-14 23:22:33', '2024-12-14 23:24:34'),
(335, 33, '2024-12-14 00:00:00', 9690000, 2756566, 4, 1, 0, 0, '2024-12-14 23:47:03', '2024-12-14 23:47:03'),
(336, 30, '2024-12-14 00:00:00', 10260000, 5746444, 1, 2, 0, 0, '2024-12-15 00:06:23', '2024-12-15 00:06:23'),
(337, 35, '2024-12-14 00:00:00', 15350000, 4699337, 4, 1, 0, 0, '2024-12-15 00:29:55', '2024-12-15 00:29:55'),
(338, 18, '2024-12-14 00:00:00', 5520000, 2223961, 5, 1, 0, 0, '2024-12-15 00:44:32', '2024-12-15 00:44:32'),
(339, 17, '2024-12-14 00:00:00', 4760000, 1856496, 5, 1, 0, 0, '2024-12-15 08:20:00', '2024-12-15 08:20:00'),
(340, 32, '2024-12-14 00:00:00', 15690000, 5106136, 3, 2, 0, 0, '2024-12-15 13:44:08', '2024-12-15 13:44:08'),
(341, 22, '2024-12-15 00:00:00', 4770000, 2332417, 4, 1, 0, 0, '2024-12-15 22:55:12', '2024-12-15 22:55:12'),
(342, 36, '2024-12-15 00:00:00', 5620000, 2409175, 1, 2, 0, 0, '2024-12-15 23:08:54', '2024-12-15 23:08:54'),
(343, 34, '2024-12-15 00:00:00', 14030000, 6293623, 6, 1, 0, 0, '2024-12-15 23:16:06', '2024-12-15 23:16:06'),
(344, 32, '2024-12-15 00:00:00', 14480000, 3674842, 3, 2, 0, 0, '2024-12-15 23:17:23', '2024-12-15 23:17:23'),
(345, 28, '2024-12-15 00:00:00', 4600000, 2045177, 1, 2, 0, 0, '2024-12-15 23:22:28', '2024-12-15 23:22:28'),
(346, 28, '2024-12-14 00:00:00', 6450000, 2528562, 1, 2, 0, 0, '2024-12-15 23:23:07', '2024-12-15 23:23:07'),
(347, 35, '2024-12-15 00:00:00', 12405000, 4708076, 4, 1, 0, 0, '2024-12-15 23:23:15', '2024-12-15 23:23:15'),
(348, 16, '2024-12-15 00:00:00', 9375000, 3025000, 4, 1, 0, 0, '2024-12-15 23:24:20', '2024-12-15 23:24:20'),
(349, 33, '2024-12-15 00:00:00', 7805000, 2555467, 4, 1, 0, 0, '2024-12-15 23:24:25', '2024-12-15 23:24:25'),
(350, 16, '2024-12-14 00:00:00', 7010000, 2830000, 4, 1, 0, 0, '2024-12-15 23:24:39', '2024-12-15 23:24:39'),
(351, 30, '2024-12-15 00:00:00', 14490000, 6008911, 1, 2, 0, 0, '2024-12-15 23:29:44', '2024-12-15 23:29:44'),
(352, 26, '2024-12-15 00:00:00', 11450000, 4642009, 5, 1, 0, 0, '2024-12-15 23:34:28', '2024-12-15 23:34:28'),
(353, 27, '2024-12-15 00:00:00', 8210000, 2323970, 2, 2, 0, 0, '2024-12-15 23:36:08', '2024-12-15 23:36:08'),
(354, 29, '2024-12-15 00:00:00', 8260000, 2814393, 4, 1, 0, 0, '2024-12-15 23:36:48', '2024-12-15 23:36:48'),
(355, 23, '2024-12-14 00:00:00', 8310000, 3275002, 4, 1, 0, 0, '2024-12-16 00:23:31', '2024-12-16 00:23:31'),
(356, 23, '2024-12-15 00:00:00', 3700000, 1811482, 4, 1, 0, 0, '2024-12-16 00:23:48', '2024-12-16 00:23:48'),
(357, 20, '2024-12-14 00:00:00', 9030000, 3392280, 4, 1, 0, 0, '2024-12-16 00:31:28', '2024-12-16 00:31:28'),
(358, 20, '2024-12-15 00:00:00', 6855000, 2578492, 4, 1, 0, 0, '2024-12-16 00:31:53', '2024-12-16 00:31:53'),
(359, 24, '2024-12-15 00:00:00', 12280000, 4570024, 2, 2, 0, 0, '2024-12-16 00:33:42', '2024-12-16 00:33:42'),
(360, 18, '2024-12-15 00:00:00', 2910000, 1632867, 5, 1, 0, 0, '2024-12-16 08:27:08', '2024-12-16 08:27:08'),
(361, 17, '2024-12-15 00:00:00', 4660000, 2111066, 5, 1, 0, 0, '2024-12-16 09:00:39', '2024-12-16 09:16:40'),
(362, 25, '2024-12-14 00:00:00', 3040000, 1854556, 1, 2, 0, 0, '2024-12-16 09:02:15', '2024-12-16 09:02:15'),
(363, 25, '2024-12-15 00:00:00', 4470000, 2738229, 1, 2, 0, 0, '2024-12-16 09:03:36', '2024-12-16 09:03:36'),
(364, 21, '2024-12-15 00:00:00', 9570000, 4358965, 1, 2, 0, 0, '2024-12-16 09:07:50', '2024-12-16 09:07:50'),
(365, 21, '2024-12-14 00:00:00', 8720000, 3047077, 1, 2, 0, 0, '2024-12-16 09:08:21', '2024-12-16 09:08:21'),
(366, 31, '2024-12-14 00:00:00', 3830000, 1085000, 1, 2, 0, 0, '2024-12-16 09:08:25', '2024-12-16 09:08:25'),
(367, 31, '2024-12-15 00:00:00', 3930000, 1277000, 1, 2, 0, 0, '2024-12-16 09:08:52', '2024-12-16 09:08:52'),
(368, 19, '2024-12-15 00:00:00', 3430000, 1480000, 5, 1, 0, 0, '2024-12-16 09:09:56', '2024-12-16 09:09:56'),
(369, 19, '2024-12-14 00:00:00', 9715000, 3647000, 5, 1, 0, 0, '2024-12-16 09:11:17', '2024-12-16 09:11:17'),
(370, 37, '2024-12-14 00:00:00', 20130000, 6545000, 1, 2, 0, 0, '2024-12-16 09:12:04', '2024-12-16 09:12:04'),
(371, 37, '2024-12-15 00:00:00', 19470000, 6180000, 1, 2, 0, 0, '2024-12-16 09:12:44', '2024-12-16 09:12:44'),
(372, 22, '2024-12-16 00:00:00', 9120000, 3387933, 4, 1, 0, 0, '2024-12-16 22:56:09', '2024-12-16 22:56:09'),
(373, 23, '2024-12-16 00:00:00', 4330000, 1971617, 4, 1, 0, 0, '2024-12-16 23:08:47', '2024-12-16 23:08:47'),
(374, 18, '2024-12-16 00:00:00', 4130000, 1618279, 5, 1, 0, 0, '2024-12-16 23:17:10', '2024-12-16 23:17:10'),
(375, 32, '2024-12-16 00:00:00', 18820000, 6812130, 3, 2, 0, 0, '2024-12-16 23:21:32', '2024-12-16 23:21:32'),
(376, 24, '2024-12-16 00:00:00', 10690000, 3953586, 2, 2, 0, 0, '2024-12-16 23:29:13', '2024-12-16 23:29:13'),
(377, 35, '2024-12-16 00:00:00', 20350000, 6321383, 4, 1, 0, 0, '2024-12-16 23:32:30', '2024-12-16 23:32:30'),
(378, 33, '2024-12-16 00:00:00', 5905000, 2564666, 4, 1, 0, 0, '2024-12-16 23:33:27', '2024-12-16 23:33:27'),
(379, 34, '2024-12-16 00:00:00', 15185000, 6106854, 6, 1, 0, 0, '2024-12-16 23:35:08', '2024-12-16 23:35:08'),
(380, 36, '2024-12-16 00:00:00', 6400000, 1566088, 1, 2, 0, 0, '2024-12-17 00:29:54', '2024-12-17 00:29:54'),
(381, 17, '2024-12-16 00:00:00', 7520000, 2814197, 5, 1, 0, 0, '2024-12-17 09:03:15', '2024-12-17 09:03:15'),
(382, 16, '2024-12-16 00:00:00', 6760000, 2510000, 4, 1, 0, 0, '2024-12-17 09:05:04', '2024-12-17 09:05:04'),
(383, 25, '2024-12-16 00:00:00', 1640000, 1329161, 1, 2, 0, 0, '2024-12-17 09:05:36', '2024-12-17 09:05:36'),
(384, 27, '2024-12-16 00:00:00', 8460000, 2468920, 2, 2, 0, 0, '2024-12-17 09:11:25', '2024-12-17 09:11:25'),
(385, 37, '2024-12-16 00:00:00', 15810000, 5067000, 1, 2, 0, 0, '2024-12-17 09:11:41', '2024-12-17 09:11:41'),
(386, 30, '2024-12-16 00:00:00', 14960000, 6568318, 1, 2, 0, 0, '2024-12-17 09:13:56', '2024-12-17 09:16:39'),
(387, 29, '2024-12-16 00:00:00', 6490000, 2502357, 4, 1, 0, 0, '2024-12-17 09:13:58', '2024-12-17 09:13:58'),
(388, 31, '2024-12-16 00:00:00', 5370000, 1358000, 1, 2, 0, 0, '2024-12-17 09:14:00', '2024-12-17 09:14:00'),
(389, 21, '2024-12-16 00:00:00', 8540000, 2608353, 1, 2, 0, 0, '2024-12-17 09:15:13', '2024-12-17 09:15:13'),
(390, 28, '2024-12-16 00:00:00', 7930000, 2860887, 1, 2, 0, 0, '2024-12-17 09:15:28', '2024-12-17 09:15:28'),
(391, 26, '2024-12-16 00:00:00', 16619000, 6291598, 5, 1, 0, 0, '2024-12-17 09:16:16', '2024-12-17 09:20:18'),
(392, 19, '2024-12-16 00:00:00', 7080000, 2337000, 5, 1, 0, 0, '2024-12-17 09:17:45', '2024-12-17 09:17:45'),
(393, 20, '2024-12-16 00:00:00', 7150000, 2671689, 4, 1, 0, 0, '2024-12-17 09:18:28', '2024-12-17 09:18:28'),
(394, 22, '2024-12-17 00:00:00', 10925000, 4363056, 4, 1, 0, 0, '2024-12-17 22:53:22', '2024-12-17 22:53:22'),
(395, 26, '2024-12-17 00:00:00', 34990000, 8235570, 5, 1, 0, 0, '2024-12-17 22:58:49', '2024-12-17 22:58:49'),
(396, 34, '2024-12-17 00:00:00', 8530000, 4288185, 6, 1, 0, 0, '2024-12-17 23:06:27', '2024-12-17 23:06:27'),
(400, 32, '2024-12-17 00:00:00', 20450000, 5366683, 3, 2, 0, 0, '2024-12-17 23:20:56', '2024-12-17 23:20:56'),
(401, 23, '2024-12-17 00:00:00', 6730000, 3237403, 4, 1, 0, 0, '2024-12-17 23:25:26', '2024-12-17 23:25:26'),
(402, 33, '2024-12-17 00:00:00', 4910000, 2562047, 4, 1, 0, 0, '2024-12-17 23:28:25', '2024-12-17 23:28:25'),
(403, 36, '2024-12-17 00:00:00', 4080000, 1258714, 1, 2, 0, 0, '2024-12-17 23:29:06', '2024-12-17 23:29:06'),
(404, 30, '2024-12-17 00:00:00', 14300000, 4200244, 1, 2, 0, 0, '2024-12-17 23:31:06', '2024-12-17 23:31:06'),
(405, 35, '2024-12-17 00:00:00', 13720000, 4170868, 4, 1, 0, 0, '2024-12-17 23:31:32', '2024-12-17 23:31:32'),
(407, 24, '2024-12-17 00:00:00', 6490000, 3268844, 2, 2, 0, 0, '2024-12-18 00:09:27', '2024-12-18 10:09:34'),
(408, 18, '2024-12-17 00:00:00', 4440000, 2405952, 5, 1, 0, 0, '2024-12-18 01:04:20', '2024-12-18 01:04:20'),
(409, 16, '2024-12-17 00:00:00', 5740000, 2428000, 4, 1, 0, 0, '2024-12-18 07:25:06', '2024-12-18 07:25:06'),
(410, 20, '2024-12-17 00:00:00', 6660000, 2618106, 4, 1, 0, 0, '2024-12-18 07:51:04', '2024-12-18 07:51:04'),
(411, 31, '2024-12-17 00:00:00', 2050000, 938000, 1, 2, 0, 0, '2024-12-18 09:04:02', '2024-12-18 09:04:02'),
(412, 25, '2024-12-17 00:00:00', 5260000, 2757077, 1, 2, 0, 0, '2024-12-18 09:05:51', '2024-12-18 09:05:51'),
(413, 21, '2024-12-17 00:00:00', 14080000, 3162372, 1, 2, 0, 0, '2024-12-18 09:08:43', '2024-12-18 09:08:43'),
(414, 19, '2024-12-17 00:00:00', 5900000, 2492000, 5, 1, 0, 0, '2024-12-18 09:09:05', '2024-12-18 09:09:05'),
(415, 17, '2024-12-17 00:00:00', 4975000, 2309156, 5, 1, 0, 0, '2024-12-18 09:09:43', '2024-12-18 09:09:43'),
(416, 28, '2024-12-17 00:00:00', 6480000, 2493940, 1, 2, 0, 0, '2024-12-18 09:10:57', '2024-12-18 09:10:57'),
(417, 37, '2024-12-17 00:00:00', 23880000, 7773000, 1, 2, 0, 0, '2024-12-18 09:14:57', '2024-12-18 09:15:38'),
(418, 29, '2024-12-17 00:00:00', 8585000, 2777504, 4, 1, 0, 0, '2024-12-18 09:16:24', '2024-12-18 09:16:24'),
(419, 27, '2024-12-17 00:00:00', 4160000, 1498231, 2, 2, 0, 0, '2024-12-18 09:46:56', '2024-12-18 09:46:56'),
(420, 34, '2024-12-18 00:00:00', 13285000, 4578113, 6, 1, 0, 0, '2024-12-18 23:06:40', '2024-12-18 23:06:40'),
(421, 27, '2024-12-18 00:00:00', 10600000, 2360390, 2, 2, 0, 0, '2024-12-18 23:07:36', '2024-12-18 23:07:36'),
(422, 22, '2024-12-18 00:00:00', 3830000, 2061589, 4, 1, 0, 0, '2024-12-18 23:08:44', '2024-12-18 23:08:44'),
(423, 21, '2024-12-18 00:00:00', 9360000, 2371981, 1, 2, 0, 0, '2024-12-18 23:11:12', '2024-12-18 23:11:12'),
(424, 32, '2024-12-18 00:00:00', 29590000, 8036766, 3, 2, 0, 0, '2024-12-18 23:16:15', '2024-12-18 23:16:15'),
(425, 35, '2024-12-18 00:00:00', 6210000, 2222375, 4, 1, 0, 0, '2024-12-18 23:24:03', '2024-12-18 23:24:03'),
(426, 36, '2024-12-18 00:00:00', 4250000, 1894761, 1, 2, 0, 0, '2024-12-18 23:30:02', '2024-12-18 23:30:02'),
(427, 20, '2024-12-18 00:00:00', 10285000, 3294256, 4, 1, 0, 0, '2024-12-18 23:30:07', '2024-12-18 23:30:07'),
(428, 18, '2024-12-18 00:00:00', 3610000, 1450951, 5, 1, 0, 0, '2024-12-18 23:31:46', '2024-12-18 23:31:46'),
(429, 23, '2024-12-18 00:00:00', 4810000, 2231369, 4, 1, 0, 0, '2024-12-18 23:46:06', '2024-12-18 23:46:06'),
(430, 33, '2024-12-18 00:00:00', 6610000, 2580772, 4, 1, 0, 0, '2024-12-19 00:15:40', '2024-12-19 00:15:40'),
(431, 16, '2024-12-18 00:00:00', 4770000, 2065000, 4, 1, 0, 0, '2024-12-19 07:20:36', '2024-12-19 07:20:36'),
(432, 17, '2024-12-18 00:00:00', 3680000, 1862260, 5, 1, 0, 0, '2024-12-19 08:24:57', '2024-12-19 08:24:57'),
(433, 25, '2024-12-18 00:00:00', 2920000, 1857229, 1, 2, 0, 0, '2024-12-19 09:03:24', '2024-12-19 09:03:24'),
(434, 30, '2024-12-18 00:00:00', 10360000, 4775186, 1, 2, 0, 0, '2024-12-19 09:05:11', '2024-12-19 09:05:21'),
(435, 28, '2024-12-18 00:00:00', 7370000, 2566717, 1, 2, 0, 0, '2024-12-19 09:07:11', '2024-12-19 09:07:11'),
(436, 31, '2024-12-18 00:00:00', 1620000, 643000, 1, 2, 0, 0, '2024-12-19 09:11:29', '2024-12-19 09:11:29'),
(437, 26, '2024-12-18 00:00:00', 17540000, 5321644, 5, 1, 0, 0, '2024-12-19 09:15:02', '2024-12-19 09:15:02'),
(438, 19, '2024-12-18 00:00:00', 6130000, 1774000, 5, 1, 0, 0, '2024-12-19 09:15:55', '2024-12-19 09:16:18'),
(439, 24, '2024-12-18 00:00:00', 9800000, 3434654, 2, 2, 0, 0, '2024-12-19 09:16:12', '2024-12-19 09:16:12'),
(441, 29, '2024-12-18 00:00:00', 3600000, 1904663, 4, 1, 0, 0, '2024-12-19 09:17:17', '2024-12-19 09:17:17'),
(442, 37, '2024-12-18 00:00:00', 23000000, 6724000, 1, 2, 0, 0, '2024-12-19 09:17:37', '2024-12-19 09:32:26'),
(443, 22, '2024-12-19 00:00:00', 5219000, 2481532, 4, 1, 0, 0, '2024-12-19 22:54:03', '2024-12-19 22:54:03'),
(444, 34, '2024-12-19 00:00:00', 15160000, 5623726, 6, 1, 0, 0, '2024-12-19 22:58:12', '2024-12-19 22:58:12'),
(445, 35, '2024-12-19 00:00:00', 8380000, 2803257, 4, 1, 0, 0, '2024-12-19 23:18:47', '2024-12-19 23:18:47'),
(446, 23, '2024-12-19 00:00:00', 5990000, 2042684, 4, 1, 0, 0, '2024-12-19 23:19:42', '2024-12-20 23:40:03'),
(447, 32, '2024-12-19 00:00:00', 21370000, 5766949, 3, 2, 0, 0, '2024-12-19 23:21:54', '2024-12-19 23:21:54'),
(448, 33, '2024-12-19 00:00:00', 6950000, 2593119, 4, 1, 0, 0, '2024-12-19 23:23:38', '2024-12-19 23:23:38'),
(449, 30, '2024-12-19 00:00:00', 30600000, 7783085, 1, 2, 0, 0, '2024-12-19 23:26:23', '2024-12-19 23:26:23'),
(450, 36, '2024-12-19 00:00:00', 4390000, 2152117, 1, 2, 0, 0, '2024-12-19 23:28:36', '2024-12-19 23:28:36'),
(451, 29, '2024-12-19 00:00:00', 5720000, 2116863, 4, 1, 0, 0, '2024-12-19 23:33:10', '2024-12-19 23:33:10'),
(452, 24, '2024-12-19 00:00:00', 6590000, 2940166, 2, 2, 0, 0, '2024-12-19 23:46:14', '2024-12-19 23:46:14'),
(453, 37, '2024-12-19 00:00:00', 19360000, 6667000, 1, 2, 0, 0, '2024-12-19 23:50:33', '2024-12-19 23:50:33'),
(454, 28, '2024-12-19 00:00:00', 4730000, 2832147, 1, 2, 0, 0, '2024-12-20 09:03:51', '2024-12-20 09:03:51'),
(455, 25, '2024-12-19 00:00:00', 1380000, 1156207, 1, 2, 0, 0, '2024-12-20 09:05:05', '2024-12-20 09:05:05'),
(456, 16, '2024-12-19 00:00:00', 7410000, 2830000, 4, 1, 0, 0, '2024-12-20 09:05:19', '2024-12-20 09:05:19'),
(457, 27, '2024-12-19 00:00:00', 3380000, 1615779, 2, 2, 0, 0, '2024-12-20 09:06:12', '2024-12-20 09:06:12'),
(458, 31, '2024-12-19 00:00:00', 1040000, 800000, 1, 2, 0, 0, '2024-12-20 09:11:35', '2024-12-20 09:50:58'),
(459, 20, '2024-12-19 00:00:00', 13330000, 4533909, 4, 1, 0, 0, '2024-12-20 09:13:14', '2024-12-20 09:13:14'),
(460, 21, '2024-12-19 00:00:00', 7720000, 2894825, 1, 2, 0, 0, '2024-12-20 09:17:26', '2024-12-20 09:17:26'),
(461, 26, '2024-12-19 00:00:00', 17980000, 8584606, 5, 1, 0, 0, '2024-12-20 09:18:48', '2024-12-20 09:18:48'),
(462, 18, '2024-12-19 00:00:00', 5200000, 1521026, 5, 1, 0, 0, '2024-12-20 09:20:18', '2024-12-20 09:20:18'),
(463, 19, '2024-12-19 00:00:00', 8600000, 2915945, 5, 1, 0, 0, '2024-12-20 09:48:06', '2024-12-20 09:48:06'),
(464, 17, '2024-12-19 00:00:00', 6190000, 2513814, 5, 1, 0, 0, '2024-12-20 09:48:19', '2024-12-20 09:49:29'),
(465, 34, '2024-12-20 00:00:00', 19180000, 5002339, 6, 1, 0, 0, '2024-12-20 22:41:51', '2024-12-20 22:41:51'),
(466, 22, '2024-12-20 00:00:00', 6505000, 2780117, 4, 1, 0, 0, '2024-12-20 22:57:03', '2024-12-20 22:57:03'),
(467, 36, '2024-12-20 00:00:00', 10390000, 2004022, 1, 2, 0, 0, '2024-12-20 23:00:00', '2024-12-20 23:00:00'),
(468, 32, '2024-12-20 00:00:00', 31450000, 11104477, 3, 2, 0, 0, '2024-12-20 23:09:48', '2024-12-20 23:09:48'),
(469, 18, '2024-12-20 00:00:00', 5550000, 1732685, 5, 1, 0, 0, '2024-12-20 23:10:25', '2024-12-20 23:10:25'),
(470, 29, '2024-12-20 00:00:00', 5520000, 1954936, 4, 1, 0, 0, '2024-12-20 23:11:05', '2024-12-20 23:11:05'),
(471, 27, '2024-12-20 00:00:00', 5080000, 1315635, 2, 2, 0, 0, '2024-12-20 23:12:59', '2024-12-20 23:12:59'),
(472, 35, '2024-12-20 00:00:00', 7720000, 2868248, 4, 1, 0, 0, '2024-12-20 23:18:35', '2024-12-20 23:18:35'),
(473, 19, '2024-12-20 00:00:00', 8170000, 2382000, 5, 1, 0, 0, '2024-12-20 23:22:48', '2024-12-20 23:22:48'),
(474, 23, '2024-12-20 00:00:00', 8500000, 3035771, 4, 1, 0, 0, '2024-12-20 23:32:24', '2024-12-20 23:32:24'),
(475, 33, '2024-12-20 00:00:00', 3610000, 1556739, 4, 1, 0, 0, '2024-12-20 23:36:03', '2024-12-20 23:36:03'),
(476, 26, '2024-12-20 00:00:00', 14610000, 5963990, 5, 1, 0, 0, '2024-12-20 23:40:22', '2024-12-20 23:40:22'),
(477, 30, '2024-12-20 00:00:00', 24685000, 8945335, 1, 2, 0, 0, '2024-12-20 23:58:22', '2024-12-20 23:58:22'),
(479, 24, '2024-12-20 00:00:00', 9930000, 4758599, 2, 2, 0, 0, '2024-12-21 00:18:30', '2024-12-21 00:18:30'),
(480, 16, '2024-12-20 00:00:00', 5030000, 2145000, 4, 1, 0, 0, '2024-12-21 08:08:08', '2024-12-21 08:08:08'),
(481, 17, '2024-12-20 00:00:00', 4850000, 1844927, 5, 1, 0, 0, '2024-12-21 08:51:02', '2024-12-21 08:51:02'),
(482, 31, '2024-12-20 00:00:00', 2820000, 912000, 1, 2, 0, 0, '2024-12-21 09:04:41', '2024-12-21 09:04:41'),
(483, 25, '2024-12-20 00:00:00', 2480000, 1458507, 1, 2, 0, 0, '2024-12-21 09:06:36', '2024-12-21 09:06:36'),
(484, 28, '2024-12-20 00:00:00', 5140000, 2033687, 1, 2, 0, 0, '2024-12-21 09:08:16', '2024-12-21 09:08:16'),
(485, 21, '2024-12-20 00:00:00', 5510000, 2489241, 1, 2, 0, 0, '2024-12-21 09:18:22', '2024-12-21 09:18:22'),
(486, 20, '2024-12-20 00:00:00', 12050000, 4078019, 4, 1, 0, 0, '2024-12-21 09:19:52', '2024-12-21 09:24:04'),
(487, 36, '2024-12-21 00:00:00', 5840000, 1145154, 1, 2, 0, 0, '2024-12-21 22:10:47', '2024-12-21 22:10:47'),
(488, 32, '2024-12-21 00:00:00', 12280000, 3875739, 3, 2, 0, 0, '2024-12-21 23:02:00', '2024-12-21 23:02:00'),
(490, 29, '2024-12-21 00:00:00', 6480000, 1979589, 4, 1, 0, 0, '2024-12-21 23:10:22', '2024-12-21 23:10:22'),
(491, 34, '2024-12-21 00:00:00', 18095000, 5901532, 6, 1, 0, 0, '2024-12-21 23:13:52', '2024-12-21 23:13:52'),
(492, 33, '2024-12-21 00:00:00', 5630000, 2373639, 4, 1, 0, 0, '2024-12-21 23:14:14', '2024-12-21 23:14:14'),
(493, 27, '2024-12-21 00:00:00', 7040000, 2151333, 2, 2, 0, 0, '2024-12-21 23:14:45', '2024-12-21 23:14:45'),
(494, 35, '2024-12-21 00:00:00', 11550000, 3643122, 4, 1, 0, 0, '2024-12-21 23:24:18', '2024-12-21 23:24:18'),
(495, 30, '2024-12-21 00:00:00', 24220000, 8114327, 1, 2, 0, 0, '2024-12-21 23:25:16', '2024-12-21 23:25:16'),
(496, 23, '2024-12-21 00:00:00', 7290000, 2270547, 4, 1, 0, 0, '2024-12-21 23:29:17', '2024-12-21 23:29:17'),
(497, 24, '2024-12-21 00:00:00', 5120000, 2774233, 2, 2, 0, 0, '2024-12-22 00:08:29', '2024-12-22 00:08:29'),
(498, 22, '2024-12-21 00:00:00', 7305000, 2621111, 4, 1, 0, 0, '2024-12-22 00:35:11', '2024-12-22 00:35:11'),
(499, 20, '2024-12-21 00:00:00', 17970000, 5824356, 4, 1, 0, 0, '2024-12-22 00:36:33', '2024-12-22 00:36:33'),
(500, 17, '2024-12-21 00:00:00', 10280000, 3230645, 5, 1, 0, 0, '2024-12-22 08:13:02', '2024-12-22 08:13:02'),
(501, 22, '2024-12-22 00:00:00', 12440000, 4498751, 4, 1, 0, 0, '2024-12-22 23:01:46', '2024-12-22 23:01:46'),
(502, 35, '2024-12-22 00:00:00', 12070000, 2479649, 4, 1, 0, 0, '2024-12-22 23:14:27', '2024-12-22 23:14:27'),
(503, 21, '2024-12-22 00:00:00', 4940000, 1910908, 1, 2, 0, 0, '2024-12-22 23:15:00', '2024-12-22 23:15:00'),
(505, 21, '2024-12-21 00:00:00', 6490000, 2647265, 1, 2, 0, 0, '2024-12-22 23:15:46', '2024-12-22 23:15:46'),
(506, 32, '2024-12-22 00:00:00', 21410000, 5276069, 3, 2, 0, 0, '2024-12-22 23:22:47', '2024-12-22 23:22:47'),
(507, 30, '2024-12-22 00:00:00', 17622000, 4833259, 1, 2, 0, 0, '2024-12-22 23:27:47', '2024-12-22 23:27:47'),
(508, 33, '2024-12-22 00:00:00', 6050000, 2670530, 4, 1, 0, 0, '2024-12-22 23:29:25', '2024-12-22 23:29:25'),
(509, 23, '2024-12-22 00:00:00', 4790000, 2161907, 4, 1, 0, 0, '2024-12-22 23:39:18', '2024-12-22 23:39:18');
INSERT INTO `marketing_reports` (`id`, `userId`, `date`, `income`, `ads`, `teamId`, `branchId`, `win`, `orderCount`, `createdAt`, `updatedAt`) VALUES
(510, 26, '2024-12-22 00:00:00', 26890000, 6458583, 5, 1, 0, 0, '2024-12-22 23:45:03', '2024-12-22 23:45:03'),
(511, 26, '2024-12-21 00:00:00', 18570000, 4790249, 5, 1, 0, 0, '2024-12-22 23:45:20', '2024-12-22 23:45:20'),
(512, 34, '2024-12-22 00:00:00', 25020000, 6742839, 6, 1, 0, 0, '2024-12-22 23:45:27', '2024-12-22 23:45:27'),
(513, 29, '2024-12-22 00:00:00', 8440000, 2560423, 4, 1, 0, 0, '2024-12-22 23:58:48', '2024-12-22 23:58:48'),
(514, 36, '2024-12-22 00:00:00', 4110000, 1750332, 1, 2, 0, 0, '2024-12-23 00:11:02', '2024-12-23 00:11:02'),
(515, 24, '2024-12-22 00:00:00', 9100000, 5035572, 2, 2, 0, 0, '2024-12-23 00:21:02', '2024-12-23 00:21:02'),
(516, 18, '2024-12-22 00:00:00', 2190000, 1465065, 5, 1, 0, 0, '2024-12-23 05:22:16', '2024-12-23 05:22:16'),
(517, 20, '2024-12-22 00:00:00', 15410000, 4739100, 4, 1, 0, 0, '2024-12-23 07:35:46', '2024-12-23 07:35:46'),
(518, 16, '2024-12-22 00:00:00', 6105000, 2370000, 4, 1, 0, 0, '2024-12-23 07:50:38', '2024-12-23 07:50:38'),
(519, 16, '2024-12-21 00:00:00', 5590000, 2432000, 4, 1, 0, 0, '2024-12-23 07:51:06', '2024-12-23 07:51:06'),
(520, 17, '2024-12-22 00:00:00', 5130000, 1993895, 5, 1, 0, 0, '2024-12-23 08:51:43', '2024-12-23 08:51:43'),
(521, 25, '2024-12-22 00:00:00', 2740000, 1452055, 1, 2, 0, 0, '2024-12-23 08:54:59', '2024-12-23 08:54:59'),
(522, 25, '2024-12-21 00:00:00', 2140000, 1180214, 1, 2, 0, 0, '2024-12-23 08:56:14', '2024-12-23 08:56:14'),
(523, 31, '2024-12-22 00:00:00', 0, 0, 1, 2, 0, 0, '2024-12-23 09:07:38', '2024-12-23 09:07:38'),
(524, 19, '2024-12-22 00:00:00', 3440000, 1736000, 5, 1, 0, 0, '2024-12-23 09:08:09', '2024-12-23 09:08:09'),
(525, 31, '2024-12-21 00:00:00', 1390000, 627000, 1, 2, 0, 0, '2024-12-23 09:08:11', '2024-12-23 09:08:11'),
(526, 28, '2024-12-21 00:00:00', 4790000, 1722253, 1, 2, 0, 0, '2024-12-23 09:09:39', '2024-12-23 09:09:39'),
(527, 28, '2024-12-22 00:00:00', 2430000, 1665836, 1, 2, 0, 0, '2024-12-23 09:10:15', '2024-12-23 09:10:15'),
(528, 19, '2024-12-21 00:00:00', 11380000, 4601000, 5, 1, 0, 0, '2024-12-23 09:11:18', '2024-12-23 09:54:54'),
(529, 18, '2024-12-21 00:00:00', 2790000, 1973448, 5, 1, 0, 0, '2024-12-23 09:16:24', '2024-12-23 09:16:24'),
(530, 37, '2024-12-20 00:00:00', 15630000, 6170000, 1, 2, 0, 0, '2024-12-23 09:16:47', '2024-12-23 09:16:47'),
(531, 37, '2024-12-21 00:00:00', 15330000, 5185000, 1, 2, 0, 0, '2024-12-23 09:17:23', '2024-12-23 09:17:23'),
(532, 37, '2024-12-22 00:00:00', 9140000, 3369000, 1, 2, 0, 0, '2024-12-23 09:17:53', '2024-12-23 09:17:53'),
(533, 27, '2024-12-22 00:00:00', 8930000, 2787499, 2, 2, 0, 0, '2024-12-23 09:22:07', '2024-12-23 09:22:07'),
(534, 22, '2024-12-23 00:00:00', 6370000, 2786999, 4, 1, 0, 0, '2024-12-23 22:47:35', '2024-12-23 22:47:35'),
(535, 21, '2024-12-23 00:00:00', 9939000, 3205959, 1, 2, 0, 0, '2024-12-23 22:53:21', '2024-12-23 22:53:21'),
(537, 27, '2024-12-23 00:00:00', 9160000, 2536054, 2, 2, 0, 0, '2024-12-23 23:04:58', '2024-12-23 23:04:58'),
(538, 35, '2024-12-23 00:00:00', 10665000, 3617367, 4, 1, 0, 0, '2024-12-23 23:19:43', '2024-12-23 23:19:43'),
(539, 29, '2024-12-23 00:00:00', 5410000, 2363386, 4, 1, 0, 0, '2024-12-23 23:22:28', '2024-12-23 23:22:28'),
(540, 32, '2024-12-23 00:00:00', 19620000, 5424278, 3, 2, 0, 0, '2024-12-23 23:23:00', '2024-12-23 23:23:00'),
(541, 36, '2024-12-23 00:00:00', 2900000, 1160265, 1, 2, 0, 0, '2024-12-23 23:28:01', '2024-12-23 23:28:01'),
(542, 30, '2024-12-23 00:00:00', 15320000, 4405309, 1, 2, 0, 0, '2024-12-23 23:41:33', '2024-12-23 23:41:33'),
(543, 34, '2024-12-23 00:00:00', 15470000, 6320252, 6, 1, 0, 0, '2024-12-23 23:43:23', '2024-12-23 23:43:23'),
(544, 26, '2024-12-23 00:00:00', 23310000, 4448387, 5, 1, 0, 0, '2024-12-23 23:51:13', '2024-12-23 23:51:13'),
(545, 23, '2024-12-23 00:00:00', 6450000, 2092633, 4, 1, 0, 0, '2024-12-24 00:00:45', '2024-12-24 00:00:45'),
(546, 24, '2024-12-23 00:00:00', 52920000, 9991720, 2, 2, 0, 0, '2024-12-24 00:04:52', '2024-12-24 00:04:52'),
(547, 33, '2024-12-23 00:00:00', 3000000, 1644971, 4, 1, 3, 5, '2024-12-24 00:15:23', '2024-12-25 22:17:58');

-- --------------------------------------------------------

--
-- Cấu trúc bảng cho bảng `month_reports`
--

CREATE TABLE `month_reports` (
  `id` int NOT NULL,
  `userId` int NOT NULL,
  `tern` datetime NOT NULL,
  `income` int NOT NULL,
  `ads` int NOT NULL,
  `teamId` int NOT NULL,
  `branchId` int NOT NULL,
  `win` int NOT NULL,
  `createdAt` datetime DEFAULT CURRENT_TIMESTAMP,
  `updatedAt` datetime DEFAULT CURRENT_TIMESTAMP ON UPDATE CURRENT_TIMESTAMP
) ENGINE=InnoDB DEFAULT CHARSET=utf8mb4 COLLATE=utf8mb4_bin;

--
-- Đang đổ dữ liệu cho bảng `month_reports`
--

INSERT INTO `month_reports` (`id`, `userId`, `tern`, `income`, `ads`, `teamId`, `branchId`, `win`, `createdAt`, `updatedAt`) VALUES
(1, 16, '2024-11-01 00:00:00', 300000000, 40, 4, 1, 1, '2024-12-02 10:09:58', '2024-12-02 10:09:58'),
(2, 16, '2024-12-01 00:00:00', 300000000, 40, 4, 1, 1, '2024-12-02 10:50:26', '2024-12-02 10:50:26'),
(3, 19, '2024-12-01 00:00:00', 250000000, 40, 5, 1, 1, '2024-12-02 10:50:36', '2024-12-02 10:50:36'),
(4, 25, '2024-12-01 00:00:00', 200000000, 40, 1, 2, 2, '2024-12-02 10:50:47', '2024-12-02 10:50:47'),
(5, 27, '2024-12-01 00:00:00', 300000000, 40, 2, 2, 1, '2024-12-02 10:50:49', '2024-12-02 10:50:49'),
(6, 36, '2024-12-01 00:00:00', 300000000, 40, 1, 2, 2, '2024-12-02 10:51:04', '2024-12-02 10:51:04'),
(7, 20, '2024-12-01 00:00:00', 300000000, 40, 4, 1, 1, '2024-12-02 10:51:05', '2024-12-02 10:51:05'),
(8, 24, '2024-12-01 00:00:00', 1000000000, 40, 2, 2, 1, '2024-12-02 10:51:08', '2024-12-02 10:51:08'),
(9, 17, '2024-12-01 00:00:00', 150000000, 40, 5, 1, 1, '2024-12-02 10:51:14', '2024-12-02 10:51:14'),
(10, 35, '2024-12-01 00:00:00', 300000000, 40, 4, 1, 1, '2024-12-02 10:51:14', '2024-12-02 10:51:14'),
(11, 37, '2024-12-01 00:00:00', 500000000, 40, 1, 2, 1, '2024-12-02 10:51:14', '2024-12-02 10:51:14'),
(12, 31, '2024-12-01 00:00:00', 300000000, 40, 1, 2, 1, '2024-12-02 10:51:14', '2024-12-02 10:51:14'),
(13, 28, '2024-12-01 00:00:00', 300000000, 40, 1, 2, 1, '2024-12-02 10:51:16', '2024-12-02 10:51:16'),
(14, 22, '2024-12-01 00:00:00', 300000000, 40, 4, 1, 1, '2024-12-02 10:51:16', '2024-12-02 10:51:16'),
(15, 30, '2024-12-01 00:00:00', 500000000, 40, 1, 2, 1, '2024-12-02 10:51:16', '2024-12-02 10:51:16'),
(16, 32, '2024-12-01 00:00:00', 700000000, 40, 3, 2, 2, '2024-12-02 10:51:19', '2024-12-02 10:51:19'),
(17, 21, '2024-12-01 00:00:00', 400000000, 40, 1, 2, 1, '2024-12-02 10:51:20', '2024-12-03 08:54:49'),
(18, 18, '2024-12-01 00:00:00', 100000000, 40, 5, 1, 0, '2024-12-02 10:51:23', '2024-12-02 10:51:23'),
(19, 33, '2024-12-01 00:00:00', 300000000, 40, 4, 1, 1, '2024-12-02 10:52:00', '2024-12-02 10:52:00'),
(20, 29, '2024-12-01 00:00:00', 300000000, 40, 4, 1, 1, '2024-12-02 10:55:14', '2024-12-02 10:55:14'),
(21, 23, '2024-12-01 00:00:00', 300000000, 40, 4, 1, 1, '2024-12-02 13:56:18', '2024-12-02 13:56:18'),
(22, 26, '2024-12-01 00:00:00', 650000000, 40, 5, 1, 1, '2024-12-03 09:12:14', '2024-12-03 11:33:26'),
(23, 34, '2024-12-01 00:00:00', 650000000, 40, 6, 1, 1, '2024-12-04 21:10:05', '2024-12-04 21:10:05');

-- --------------------------------------------------------

--
-- Cấu trúc bảng cho bảng `page_reports`
--

CREATE TABLE `page_reports` (
  `id` int NOT NULL,
  `userId` int NOT NULL,
  `teamId` int NOT NULL,
  `branchId` int NOT NULL,
  `date` datetime NOT NULL,
  `position` varchar(128) CHARACTER SET utf8mb4 COLLATE utf8mb4_bin NOT NULL,
  `reaction` int NOT NULL,
  `conversion` int NOT NULL,
  `createdAt` datetime NOT NULL,
  `updatedAt` datetime NOT NULL
) ENGINE=InnoDB DEFAULT CHARSET=utf8mb4 COLLATE=utf8mb4_bin;

--
-- Đang đổ dữ liệu cho bảng `page_reports`
--

INSERT INTO `page_reports` (`id`, `userId`, `teamId`, `branchId`, `date`, `position`, `reaction`, `conversion`, `createdAt`, `updatedAt`) VALUES
(1, 1, 4, 2, '2024-12-24 00:00:00', 'Giám đốc', 8, 5, '2024-12-24 19:33:49', '2024-12-24 19:34:26');

-- --------------------------------------------------------

--
-- Cấu trúc bảng cho bảng `sale_reports`
--

CREATE TABLE `sale_reports` (
  `id` int NOT NULL,
  `userId` int NOT NULL,
  `position` varchar(128) CHARACTER SET utf8mb4 COLLATE utf8mb4_bin NOT NULL,
  `teamId` int NOT NULL,
  `branchId` int NOT NULL,
  `date` datetime NOT NULL,
  `newIncome` int NOT NULL,
  `oldIncome` int NOT NULL,
  `dataNew` int NOT NULL,
  `dataOld` int NOT NULL,
  `orderNew` int NOT NULL,
  `orderOld` int NOT NULL,
  `createdAt` datetime DEFAULT CURRENT_TIMESTAMP,
  `updatedAt` datetime DEFAULT CURRENT_TIMESTAMP ON UPDATE CURRENT_TIMESTAMP
) ENGINE=InnoDB DEFAULT CHARSET=utf8mb4 COLLATE=utf8mb4_bin;

--
-- Đang đổ dữ liệu cho bảng `sale_reports`
--

INSERT INTO `sale_reports` (`id`, `userId`, `position`, `teamId`, `branchId`, `date`, `newIncome`, `oldIncome`, `dataNew`, `dataOld`, `orderNew`, `orderOld`, `createdAt`, `updatedAt`) VALUES
(2, 47, 'Sale', 8, 5, '2024-12-04 07:00:00', 44900000, 0, 0, 0, 0, 0, '2024-12-05 14:55:39', '2024-12-07 08:00:49'),
(4, 44, 'CSKH', 9, 5, '2024-12-04 07:00:00', 0, 14350000, 0, 0, 0, 0, '2024-12-05 14:56:19', '2024-12-07 08:08:36'),
(5, 39, 'Sale', 8, 5, '2024-12-04 00:00:00', 58515000, 0, 0, 0, 0, 0, '2024-12-05 14:56:20', '2024-12-19 09:43:06'),
(6, 38, 'Leader Sale', 8, 5, '2024-12-04 07:00:00', 60450000, 0, 0, 0, 0, 0, '2024-12-05 14:57:17', '2024-12-07 08:04:55'),
(7, 38, 'Leader Sale', 8, 5, '2024-12-03 07:00:00', 66550000, 0, 0, 0, 0, 0, '2024-12-05 17:18:45', '2024-12-07 08:04:45'),
(8, 38, 'Leader Sale', 8, 5, '2024-12-02 07:00:00', 41480000, 0, 0, 0, 0, 0, '2024-12-05 17:19:17', '2024-12-07 08:04:34'),
(9, 44, 'CSKH', 9, 5, '2024-12-05 07:00:00', 0, 13450000, 0, 0, 0, 0, '2024-12-05 17:31:00', '2024-12-07 08:08:15'),
(12, 45, 'CTV', 8, 5, '2024-12-05 07:00:00', 0, 0, 0, 0, 0, 0, '2024-12-05 23:18:27', '2024-12-07 08:03:11'),
(13, 42, 'CTV', 8, 5, '2024-12-05 07:00:00', 40080000, 0, 0, 0, 0, 0, '2024-12-05 23:21:31', '2024-12-07 08:02:55'),
(15, 41, 'CTV', 8, 5, '2024-12-05 07:00:00', 36170000, 0, 0, 0, 0, 0, '2024-12-05 23:27:31', '2024-12-07 15:32:14'),
(16, 41, 'CTV', 8, 5, '2024-12-04 07:00:00', 34039000, 0, 0, 0, 0, 0, '2024-12-05 23:28:02', '2024-12-07 15:31:46'),
(17, 41, 'CTV', 8, 5, '2024-12-03 07:00:00', 31340000, 0, 0, 0, 0, 0, '2024-12-05 23:28:16', '2024-12-07 15:31:15'),
(18, 41, 'CTV', 8, 5, '2024-12-01 07:00:00', 38980000, 0, 0, 0, 0, 0, '2024-12-05 23:29:20', '2024-12-07 15:30:36'),
(19, 47, 'Sale', 8, 5, '2024-12-05 07:00:00', 41630000, 0, 0, 0, 0, 0, '2024-12-06 07:51:42', '2024-12-07 08:01:36'),
(20, 47, 'Sale', 8, 5, '2024-12-03 07:00:00', 83740000, 0, 0, 0, 0, 0, '2024-12-06 07:52:07', '2024-12-07 08:01:20'),
(21, 47, 'Sale', 8, 5, '2024-12-02 07:00:00', 53320000, 0, 0, 0, 0, 0, '2024-12-06 07:53:03', '2024-12-07 08:00:31'),
(22, 47, 'Sale', 8, 5, '2024-12-01 07:00:00', 83768000, 0, 0, 0, 0, 0, '2024-12-06 07:53:23', '2024-12-07 08:00:13'),
(25, 39, 'Sale', 8, 5, '2024-12-05 07:00:00', 53910000, 0, 0, 0, 0, 0, '2024-12-06 11:18:56', '2024-12-07 07:59:59'),
(26, 39, 'Sale', 8, 5, '2024-12-06 07:00:00', 47280000, 0, 0, 0, 0, 0, '2024-12-06 17:31:17', '2024-12-07 07:59:41'),
(27, 44, 'CSKH', 9, 5, '2024-12-06 07:00:00', 0, 11190000, 0, 0, 0, 0, '2024-12-06 17:31:24', '2024-12-07 08:08:00'),
(28, 41, 'CTV', 8, 5, '2024-12-06 07:00:00', 38970000, 0, 0, 0, 0, 0, '2024-12-06 23:44:26', '2024-12-07 15:29:40'),
(29, 47, 'Sale', 8, 5, '2024-12-06 07:00:00', 86135000, 0, 0, 0, 0, 0, '2024-12-06 23:51:55', '2024-12-06 23:51:55'),
(30, 45, 'CTV', 8, 5, '2024-12-06 07:00:00', 44265000, 0, 0, 0, 0, 0, '2024-12-07 00:00:17', '2024-12-07 00:00:17'),
(32, 49, 'Sale', 8, 5, '2024-12-01 07:00:00', 0, 0, 0, 0, 0, 0, '2024-12-07 09:24:58', '2024-12-07 09:24:58'),
(33, 38, 'Leader Sale', 8, 5, '2024-12-06 07:00:00', 47370000, 0, 0, 0, 0, 0, '2024-12-07 10:04:29', '2024-12-07 10:04:29'),
(34, 46, 'Sale', 8, 5, '2024-12-06 07:00:00', 10020000, 0, 0, 0, 0, 0, '2024-12-07 14:17:00', '2024-12-07 14:17:00'),
(35, 38, 'Leader Sale', 8, 5, '2024-12-01 07:00:00', 0, 0, 0, 0, 0, 0, '2024-12-07 14:19:39', '2024-12-07 14:19:39'),
(36, 39, 'Sale', 8, 5, '2024-12-01 07:00:00', 59370000, 0, 0, 0, 0, 0, '2024-12-07 14:32:02', '2024-12-07 14:32:02'),
(37, 44, 'CSKH', 8, 5, '2024-12-01 07:00:00', 0, 0, 0, 0, 0, 0, '2024-12-07 14:32:03', '2024-12-07 14:32:03'),
(38, 49, 'Sale', 8, 5, '2024-12-03 07:00:00', 30010000, 0, 0, 0, 0, 0, '2024-12-07 14:32:25', '2024-12-07 14:32:25'),
(39, 39, 'Sale', 8, 5, '2024-12-02 07:00:00', 44760000, 0, 0, 0, 0, 0, '2024-12-07 14:32:55', '2024-12-07 14:32:55'),
(40, 49, 'Sale', 8, 5, '2024-12-04 07:00:00', 49700000, 0, 0, 0, 0, 0, '2024-12-07 14:33:03', '2024-12-07 14:33:03'),
(41, 39, 'Sale', 8, 5, '2024-12-03 07:00:00', 53120000, 0, 0, 0, 0, 0, '2024-12-07 14:33:17', '2024-12-07 14:33:17'),
(42, 49, 'Sale', 8, 5, '2024-12-05 07:00:00', 51530000, 0, 0, 0, 0, 0, '2024-12-07 14:33:23', '2024-12-07 14:33:23'),
(43, 49, 'Sale', 8, 5, '2024-12-02 07:00:00', 32450000, 0, 0, 0, 0, 0, '2024-12-07 14:34:42', '2024-12-07 14:34:42'),
(44, 49, 'Sale', 8, 5, '2024-12-06 07:00:00', 54940000, 0, 0, 0, 0, 0, '2024-12-07 14:35:35', '2024-12-07 14:35:35'),
(45, 44, 'CSKH', 9, 5, '2024-12-02 07:00:00', 0, 20750000, 0, 0, 0, 0, '2024-12-07 14:38:36', '2024-12-07 14:38:36'),
(46, 44, 'CSKH', 9, 5, '2024-12-03 07:00:00', 0, 10724000, 0, 0, 0, 0, '2024-12-07 14:39:32', '2024-12-07 14:39:32'),
(49, 45, 'CTV', 8, 5, '2024-12-01 07:00:00', 43790000, 0, 0, 0, 0, 0, '2024-12-07 15:54:16', '2024-12-07 15:54:16'),
(50, 45, 'CTV', 8, 5, '2024-12-02 07:00:00', 61080000, 0, 0, 0, 0, 0, '2024-12-07 15:55:07', '2024-12-07 15:55:07'),
(51, 45, 'CTV', 8, 5, '2024-12-03 07:00:00', 0, 0, 0, 0, 0, 0, '2024-12-07 15:55:32', '2024-12-07 15:55:32'),
(52, 45, 'CTV', 8, 5, '2024-12-04 07:00:00', 45745000, 0, 0, 0, 0, 0, '2024-12-07 15:55:53', '2024-12-07 15:55:53'),
(53, 40, 'CTV', 8, 5, '2024-12-01 07:00:00', 51670000, 0, 0, 0, 0, 0, '2024-12-07 16:23:31', '2024-12-07 16:23:31'),
(55, 40, 'CTV', 8, 5, '2024-12-02 07:00:00', 60530000, 0, 0, 0, 0, 0, '2024-12-07 16:24:28', '2024-12-07 16:24:28'),
(56, 40, 'CTV', 8, 5, '2024-12-03 07:00:00', 48385000, 0, 0, 0, 0, 0, '2024-12-07 16:24:47', '2024-12-07 16:24:47'),
(57, 40, 'CTV', 8, 5, '2024-12-04 07:00:00', 0, 0, 0, 0, 0, 0, '2024-12-07 16:25:01', '2024-12-07 16:25:01'),
(58, 40, 'CTV', 8, 5, '2024-12-05 07:00:00', 36230000, 0, 0, 0, 0, 0, '2024-12-07 16:25:15', '2024-12-07 16:25:15'),
(59, 40, 'CTV', 8, 5, '2024-12-06 07:00:00', 0, 0, 0, 0, 0, 0, '2024-12-07 16:25:25', '2024-12-07 16:25:25'),
(60, 39, 'Sale', 8, 5, '2024-12-07 07:00:00', 28220000, 0, 0, 0, 0, 0, '2024-12-07 16:31:41', '2024-12-07 16:31:41'),
(61, 49, 'Sale', 8, 5, '2024-12-07 07:00:00', 39590000, 0, 0, 0, 0, 0, '2024-12-07 16:33:13', '2024-12-07 16:33:13'),
(62, 38, 'Leader Sale', 8, 5, '2024-12-07 07:00:00', 41730000, 0, 0, 0, 0, 0, '2024-12-07 16:36:19', '2024-12-07 16:36:19'),
(63, 44, 'CSKH', 9, 5, '2024-12-07 07:00:00', 0, 13360000, 0, 0, 0, 0, '2024-12-07 16:37:58', '2024-12-07 16:37:58'),
(64, 46, 'Sale', 8, 5, '2024-12-07 07:00:00', 14530000, 0, 0, 0, 0, 0, '2024-12-07 17:59:38', '2024-12-07 17:59:38'),
(65, 47, 'Sale', 8, 5, '2024-12-07 07:00:00', 65955000, 0, 0, 0, 0, 0, '2024-12-07 21:18:07', '2024-12-07 21:18:07'),
(66, 43, 'CTV', 8, 5, '2024-12-01 07:00:00', 0, 0, 0, 0, 0, 0, '2024-12-07 22:08:51', '2024-12-07 22:08:51'),
(67, 43, 'CTV', 8, 5, '2024-12-02 07:00:00', 43400000, 0, 0, 0, 0, 0, '2024-12-07 22:10:22', '2024-12-07 22:10:22'),
(68, 43, 'CTV', 8, 5, '2024-12-03 07:00:00', 19885000, 0, 0, 0, 0, 0, '2024-12-07 22:10:49', '2024-12-07 22:10:49'),
(69, 43, 'CTV', 8, 5, '2024-12-04 07:00:00', 32750000, 0, 0, 0, 0, 0, '2024-12-07 22:11:13', '2024-12-07 22:11:13'),
(70, 43, 'CTV', 8, 5, '2024-12-05 07:00:00', 0, 0, 0, 0, 0, 0, '2024-12-07 22:11:34', '2024-12-07 22:11:34'),
(71, 43, 'CTV', 8, 5, '2024-12-06 07:00:00', 0, 0, 0, 0, 0, 0, '2024-12-07 22:11:49', '2024-12-07 22:11:49'),
(72, 43, 'CTV', 8, 5, '2024-12-07 07:00:00', 0, 0, 0, 0, 0, 0, '2024-12-07 22:11:59', '2024-12-07 22:11:59'),
(73, 40, 'CTV', 8, 5, '2024-12-07 07:00:00', 66820000, 0, 0, 0, 0, 0, '2024-12-07 23:13:59', '2024-12-07 23:13:59'),
(74, 41, 'CTV', 8, 5, '2024-12-07 07:00:00', 20030000, 0, 0, 0, 0, 0, '2024-12-07 23:15:53', '2024-12-07 23:15:53'),
(75, 45, 'CTV', 8, 5, '2024-12-07 07:00:00', 61200000, 0, 0, 0, 0, 0, '2024-12-07 23:27:31', '2024-12-07 23:27:31'),
(76, 42, 'CTV', 8, 5, '2024-12-07 07:00:00', 42265000, 0, 0, 0, 0, 0, '2024-12-07 23:37:16', '2024-12-07 23:37:16'),
(77, 42, 'CTV', 8, 5, '2024-12-04 07:00:00', 30970000, 0, 0, 0, 0, 0, '2024-12-07 23:38:30', '2024-12-07 23:38:30'),
(78, 47, 'Sale', 8, 5, '2024-12-08 07:00:00', 30600000, 0, 0, 0, 0, 0, '2024-12-08 13:57:54', '2024-12-08 13:57:54'),
(79, 49, 'Sale', 8, 5, '2024-12-08 07:00:00', 62960000, 0, 0, 0, 0, 0, '2024-12-08 17:35:04', '2024-12-08 17:35:04'),
(80, 38, 'Leader Sale', 8, 5, '2024-12-08 07:00:00', 72950000, 0, 0, 0, 0, 0, '2024-12-08 20:33:49', '2024-12-08 20:33:49'),
(81, 43, 'CTV', 8, 5, '2024-12-08 07:00:00', 0, 0, 0, 0, 0, 0, '2024-12-08 20:53:15', '2024-12-08 20:53:15'),
(82, 40, 'CTV', 8, 5, '2024-12-08 07:00:00', 35620000, 0, 0, 0, 0, 0, '2024-12-08 23:09:34', '2024-12-08 23:09:34'),
(83, 42, 'CTV', 8, 5, '2024-12-08 07:00:00', 28290000, 0, 0, 0, 0, 0, '2024-12-08 23:15:55', '2024-12-08 23:15:55'),
(84, 45, 'CTV', 8, 5, '2024-12-08 07:00:00', 70408000, 0, 0, 0, 0, 0, '2024-12-08 23:19:07', '2024-12-08 23:19:07'),
(85, 41, 'CTV', 8, 5, '2024-12-08 07:00:00', 31930000, 0, 0, 0, 0, 0, '2024-12-08 23:38:08', '2024-12-08 23:38:08'),
(86, 44, 'CSKH', 9, 5, '2024-12-08 07:00:00', 0, 0, 0, 0, 0, 0, '2024-12-09 08:02:11', '2024-12-09 08:02:11'),
(90, 48, 'Sale', 8, 5, '2024-12-04 00:00:00', 0, 0, 0, 0, 0, 0, '2024-12-09 13:59:51', '2024-12-09 13:59:51'),
(91, 48, 'Sale', 8, 5, '2024-12-05 00:00:00', 0, 0, 0, 0, 0, 0, '2024-12-09 14:00:01', '2024-12-09 14:00:01'),
(92, 48, 'Sale', 8, 5, '2024-12-06 00:00:00', 0, 0, 0, 0, 0, 0, '2024-12-09 14:00:11', '2024-12-09 14:00:11'),
(93, 48, 'Sale', 8, 5, '2024-12-07 00:00:00', 0, 0, 0, 0, 0, 0, '2024-12-09 14:00:21', '2024-12-09 14:00:21'),
(94, 48, 'Sale', 8, 5, '2024-12-08 00:00:00', 0, 0, 0, 0, 0, 0, '2024-12-09 14:00:40', '2024-12-09 14:00:40'),
(95, 48, 'Sale', 8, 5, '2024-12-09 00:00:00', 0, 0, 0, 0, 0, 0, '2024-12-09 17:12:59', '2024-12-10 16:29:42'),
(97, 39, 'Sale', 8, 5, '2024-12-08 00:00:00', 0, 0, 0, 0, 0, 0, '2024-12-09 17:19:28', '2024-12-10 09:25:00'),
(98, 39, 'Sale', 8, 5, '2024-12-09 00:00:00', 41240000, 0, 0, 0, 0, 0, '2024-12-09 17:19:51', '2024-12-10 09:25:17'),
(100, 44, 'CSKH', 9, 5, '2024-12-09 00:00:00', 0, 22850000, 0, 0, 0, 0, '2024-12-09 17:31:20', '2024-12-10 13:58:57'),
(102, 41, 'CTV', 8, 5, '2024-12-09 00:00:00', 28550000, 0, 0, 0, 0, 0, '2024-12-09 23:18:46', '2024-12-09 23:18:46'),
(103, 45, 'CTV', 8, 5, '2024-12-09 00:00:00', 39779000, 0, 0, 0, 0, 0, '2024-12-09 23:55:05', '2024-12-09 23:55:05'),
(104, 38, 'Leader Sale', 8, 5, '2024-12-09 00:00:00', 21420000, 0, 0, 0, 0, 0, '2024-12-10 08:53:36', '2024-12-10 09:28:37'),
(105, 47, 'Sale', 8, 5, '2024-12-09 00:00:00', 31895000, 0, 0, 0, 0, 0, '2024-12-10 09:25:01', '2024-12-10 09:25:22'),
(109, 48, 'Sale', 8, 5, '2024-12-01 00:00:00', 31505000, 0, 0, 0, 0, 0, '2024-12-10 16:28:48', '2024-12-12 09:21:42'),
(110, 48, 'Sale', 8, 5, '2024-12-02 00:00:00', 37019000, 0, 0, 0, 0, 0, '2024-12-10 16:29:06', '2024-12-12 09:21:59'),
(111, 48, 'Sale', 8, 5, '2024-12-09 00:00:00', 23905000, 0, 0, 0, 0, 0, '2024-12-10 16:30:06', '2024-12-12 09:22:13'),
(113, 43, 'CTV', 8, 5, '2024-12-09 00:00:00', 32249900, 0, 0, 0, 0, 0, '2024-12-10 17:00:22', '2024-12-10 17:00:22'),
(114, 40, 'CTV', 8, 5, '2024-12-09 00:00:00', 0, 0, 0, 0, 0, 0, '2024-12-10 17:01:22', '2024-12-10 23:10:01'),
(115, 48, 'Sale', 8, 5, '2024-12-10 00:00:00', 40215000, 0, 0, 0, 0, 0, '2024-12-10 17:30:12', '2024-12-12 09:22:23'),
(116, 44, 'CSKH', 9, 5, '2024-12-10 00:00:00', 0, 13230000, 0, 0, 0, 0, '2024-12-10 17:31:24', '2024-12-10 17:31:24'),
(117, 47, 'Sale', 8, 5, '2024-12-10 00:00:00', 39920000, 0, 0, 0, 0, 0, '2024-12-10 17:32:42', '2024-12-10 17:32:42'),
(118, 43, 'CTV', 8, 5, '2024-12-10 00:00:00', 29270000, 0, 0, 0, 0, 0, '2024-12-10 23:04:03', '2024-12-10 23:04:03'),
(119, 40, 'CTV', 8, 5, '2024-12-10 00:00:00', 31150000, 0, 0, 0, 0, 0, '2024-12-10 23:09:35', '2024-12-10 23:09:35'),
(120, 49, 'Sale', 8, 5, '2024-12-10 00:00:00', 0, 0, 0, 0, 0, 0, '2024-12-11 07:53:40', '2024-12-11 07:53:40'),
(121, 49, 'Sale', 8, 5, '2024-12-09 00:00:00', 44320000, 0, 0, 0, 0, 0, '2024-12-11 07:54:29', '2024-12-11 07:54:29'),
(122, 45, 'CTV', 8, 5, '2024-12-10 00:00:00', 0, 0, 0, 0, 0, 0, '2024-12-11 08:46:39', '2024-12-11 09:21:30'),
(126, 38, 'Leader Sale', 8, 5, '2024-12-10 00:00:00', 48420000, 0, 0, 0, 0, 0, '2024-12-11 16:00:48', '2024-12-11 16:00:48'),
(127, 38, 'Leader Sale', 8, 5, '2024-12-11 00:00:00', 47430000, 0, 0, 0, 0, 0, '2024-12-12 09:16:55', '2024-12-12 09:16:55'),
(128, 46, 'Sale', 8, 5, '2024-12-11 00:00:00', 27710000, 0, 0, 0, 0, 0, '2024-12-12 09:18:57', '2024-12-12 09:18:57'),
(129, 49, 'Sale', 8, 5, '2024-12-11 00:00:00', 39450000, 0, 0, 0, 0, 0, '2024-12-12 09:20:44', '2024-12-12 09:20:44'),
(130, 46, 'Sale', 8, 5, '2024-12-10 00:00:00', 22870000, 0, 0, 0, 0, 0, '2024-12-12 09:20:49', '2024-12-12 09:20:49'),
(131, 44, 'CSKH', 9, 5, '2024-12-11 00:00:00', 0, 18180000, 0, 0, 0, 0, '2024-12-12 09:20:51', '2024-12-12 09:21:07'),
(132, 47, 'Sale', 8, 5, '2024-12-11 00:00:00', 33250000, 0, 0, 0, 0, 0, '2024-12-12 09:21:02', '2024-12-12 09:24:04'),
(133, 38, 'Leader Sale', 8, 5, '2024-12-05 00:00:00', 40005000, 0, 0, 0, 0, 0, '2024-12-12 09:22:52', '2024-12-12 09:22:52'),
(134, 46, 'Sale', 8, 5, '2024-12-09 00:00:00', 22210000, 0, 0, 0, 0, 0, '2024-12-12 09:23:55', '2024-12-12 09:23:55'),
(135, 48, 'Sale', 8, 5, '2024-12-11 00:00:00', 37239000, 0, 0, 0, 0, 0, '2024-12-12 09:28:16', '2024-12-12 10:35:40'),
(136, 39, 'Sale', 8, 5, '2024-12-10 00:00:00', 25350000, 0, 0, 0, 0, 0, '2024-12-12 13:57:23', '2024-12-12 13:57:23'),
(137, 39, 'Sale', 8, 5, '2024-12-11 00:00:00', 0, 0, 0, 0, 0, 0, '2024-12-12 13:57:40', '2024-12-12 13:57:40'),
(138, 49, 'Sale', 8, 5, '2024-12-12 00:00:00', 22644000, 0, 0, 0, 0, 0, '2024-12-12 17:31:20', '2024-12-12 17:31:20'),
(139, 39, 'Sale', 8, 5, '2024-12-12 00:00:00', 13180000, 0, 0, 0, 0, 0, '2024-12-12 17:31:22', '2024-12-12 17:31:22'),
(140, 48, 'Sale', 8, 5, '2024-12-12 00:00:00', 36060000, 0, 0, 0, 0, 0, '2024-12-12 17:32:00', '2024-12-12 17:32:00'),
(141, 46, 'Sale', 8, 5, '2024-12-12 00:00:00', 19245000, 0, 0, 0, 0, 0, '2024-12-12 17:32:22', '2024-12-12 17:32:22'),
(142, 47, 'Sale', 8, 5, '2024-12-12 00:00:00', 33045000, 0, 0, 0, 0, 0, '2024-12-12 17:34:02', '2024-12-12 17:34:02'),
(143, 44, 'CSKH', 9, 5, '2024-12-12 00:00:00', 0, 18468000, 0, 0, 0, 0, '2024-12-12 17:38:18', '2024-12-12 17:38:18'),
(144, 38, 'Leader Sale', 8, 5, '2024-12-12 00:00:00', 53390000, 0, 0, 0, 0, 0, '2024-12-12 17:40:25', '2024-12-15 12:12:47'),
(146, 45, 'CTV', 8, 5, '2024-12-11 00:00:00', 0, 0, 0, 0, 0, 0, '2024-12-12 23:24:35', '2024-12-12 23:24:35'),
(147, 45, 'CTV', 8, 5, '2024-12-12 00:00:00', 35230000, 0, 0, 0, 0, 0, '2024-12-12 23:25:02', '2024-12-12 23:28:02'),
(148, 42, 'CTV', 8, 5, '2024-12-12 00:00:00', 26170000, 0, 0, 0, 0, 0, '2024-12-12 23:28:25', '2024-12-12 23:28:25'),
(149, 41, 'CTV', 8, 5, '2024-12-11 00:00:00', 24970000, 0, 0, 0, 0, 0, '2024-12-12 23:28:46', '2024-12-12 23:28:46'),
(150, 41, 'CTV', 8, 5, '2024-12-12 00:00:00', 15050000, 0, 0, 0, 0, 0, '2024-12-12 23:29:38', '2024-12-12 23:29:38'),
(151, 48, 'Sale', 8, 5, '2024-12-13 00:00:00', 34240000, 0, 0, 0, 0, 0, '2024-12-13 17:30:40', '2024-12-13 17:30:40'),
(152, 44, 'CSKH', 9, 5, '2024-12-13 00:00:00', 0, 15920000, 0, 0, 0, 0, '2024-12-13 17:30:40', '2024-12-13 17:30:40'),
(153, 49, 'Sale', 8, 5, '2024-12-13 00:00:00', 29950000, 0, 0, 0, 0, 0, '2024-12-13 17:31:27', '2024-12-13 17:31:27'),
(154, 47, 'Sale', 8, 5, '2024-12-13 00:00:00', 23935000, 0, 0, 0, 0, 0, '2024-12-13 17:33:51', '2024-12-13 17:33:51'),
(155, 40, 'CTV', 8, 5, '2024-12-11 00:00:00', 31475000, 0, 0, 0, 0, 0, '2024-12-13 20:52:05', '2024-12-14 14:43:22'),
(156, 42, 'CTV', 8, 5, '2024-12-10 00:00:00', 24730000, 0, 0, 0, 0, 0, '2024-12-13 22:48:28', '2024-12-13 22:48:28'),
(157, 41, 'CTV', 8, 5, '2024-12-13 00:00:00', 26370000, 0, 0, 0, 0, 0, '2024-12-13 23:37:11', '2024-12-13 23:37:11'),
(158, 45, 'CTV', 8, 5, '2024-12-13 00:00:00', 33690000, 0, 0, 0, 0, 0, '2024-12-13 23:43:44', '2024-12-13 23:43:44'),
(159, 38, 'Leader Sale', 8, 5, '2024-12-13 00:00:00', 30430000, 0, 0, 0, 0, 0, '2024-12-14 08:25:08', '2024-12-14 08:25:08'),
(160, 46, 'Sale', 8, 5, '2024-12-13 00:00:00', 20370000, 0, 0, 0, 0, 0, '2024-12-14 09:50:35', '2024-12-14 09:50:35'),
(161, 39, 'Sale', 8, 5, '2024-12-13 00:00:00', 38120000, 0, 0, 0, 0, 0, '2024-12-14 09:51:14', '2024-12-14 09:51:14'),
(162, 40, 'CTV', 8, 5, '2024-12-13 00:00:00', 34340000, 0, 0, 0, 0, 0, '2024-12-14 14:44:01', '2024-12-14 14:44:01'),
(164, 40, 'CTV', 8, 5, '2024-12-12 00:00:00', 0, 0, 0, 0, 0, 0, '2024-12-14 14:45:09', '2024-12-14 14:45:09'),
(165, 42, 'CTV', 8, 5, '2024-12-03 00:00:00', 25130000, 0, 0, 0, 0, 0, '2024-12-14 14:53:41', '2024-12-14 14:53:41'),
(166, 43, 'CTV', 8, 5, '2024-12-11 00:00:00', 26260000, 0, 0, 0, 0, 0, '2024-12-14 15:13:45', '2024-12-14 15:13:45'),
(167, 43, 'CTV', 8, 5, '2024-12-12 00:00:00', 9460000, 0, 0, 0, 0, 0, '2024-12-14 15:14:10', '2024-12-14 15:14:10'),
(168, 43, 'CTV', 8, 5, '2024-12-13 00:00:00', 0, 0, 0, 0, 0, 0, '2024-12-14 15:14:34', '2024-12-14 15:14:34'),
(169, 39, 'Sale', 8, 5, '2024-12-14 00:00:00', 43968000, 0, 0, 0, 0, 0, '2024-12-14 16:30:02', '2024-12-14 16:30:02'),
(170, 48, 'Sale', 8, 5, '2024-12-14 00:00:00', 30120000, 0, 0, 0, 0, 0, '2024-12-14 16:30:03', '2024-12-14 16:30:03'),
(171, 49, 'Sale', 8, 5, '2024-12-14 00:00:00', 26405000, 0, 0, 0, 0, 0, '2024-12-14 16:30:36', '2024-12-14 16:30:36'),
(172, 44, 'CSKH', 9, 5, '2024-12-14 00:00:00', 0, 10860000, 0, 0, 0, 0, '2024-12-14 16:31:54', '2024-12-14 16:31:54'),
(173, 46, 'Sale', 8, 5, '2024-12-14 00:00:00', 14865000, 0, 0, 0, 0, 0, '2024-12-14 16:32:33', '2024-12-14 16:32:33'),
(174, 47, 'Sale', 8, 5, '2024-12-14 00:00:00', 24755000, 0, 0, 0, 0, 0, '2024-12-14 16:32:36', '2024-12-14 16:32:36'),
(175, 38, 'Leader Sale', 8, 5, '2024-12-14 00:00:00', 24970000, 0, 0, 0, 0, 0, '2024-12-14 16:34:50', '2024-12-14 16:34:50'),
(176, 43, 'CTV', 8, 5, '2024-12-14 00:00:00', 30510000, 0, 0, 0, 0, 0, '2024-12-14 23:02:41', '2024-12-14 23:02:41'),
(177, 41, 'CTV', 8, 5, '2024-12-14 00:00:00', 31690000, 0, 0, 0, 0, 0, '2024-12-14 23:22:52', '2024-12-14 23:38:56'),
(178, 49, 'Sale', 8, 5, '2024-12-15 00:00:00', 17860000, 0, 0, 0, 0, 0, '2024-12-15 09:19:39', '2024-12-15 09:19:39'),
(179, 38, 'Leader Sale', 8, 5, '2024-12-15 00:00:00', 21770000, 0, 0, 0, 0, 0, '2024-12-15 12:09:07', '2024-12-15 12:09:07'),
(180, 39, 'Sale', 8, 5, '2024-12-15 00:00:00', 48570000, 0, 0, 0, 0, 0, '2024-12-15 17:40:27', '2024-12-15 17:40:27'),
(181, 48, 'Sale', 8, 5, '2024-12-15 00:00:00', 33920000, 0, 0, 0, 0, 0, '2024-12-15 17:40:29', '2024-12-15 17:40:29'),
(182, 45, 'CTV', 8, 5, '2024-12-14 00:00:00', 0, 0, 0, 0, 0, 0, '2024-12-15 22:56:31', '2024-12-15 22:56:31'),
(183, 43, 'CTV', 8, 5, '2024-12-15 00:00:00', 36340000, 0, 0, 0, 0, 0, '2024-12-15 23:08:24', '2024-12-15 23:08:24'),
(184, 45, 'CTV', 8, 5, '2024-12-15 00:00:00', 28310000, 0, 0, 0, 0, 0, '2024-12-15 23:12:04', '2024-12-15 23:12:04'),
(185, 44, 'CSKH', 9, 5, '2024-12-15 00:00:00', 0, 0, 0, 0, 0, 0, '2024-12-16 11:45:57', '2024-12-16 11:45:57'),
(186, 44, 'CSKH', 9, 5, '2024-12-16 00:00:00', 0, 10989000, 0, 0, 0, 0, '2024-12-16 17:30:27', '2024-12-16 17:30:27'),
(187, 48, 'Sale', 8, 5, '2024-12-16 00:00:00', 41500000, 0, 0, 0, 0, 0, '2024-12-16 17:30:40', '2024-12-16 17:30:40'),
(188, 40, 'CTV', 8, 5, '2024-12-15 00:00:00', 21610000, 0, 0, 0, 0, 0, '2024-12-16 17:31:25', '2024-12-16 17:31:25'),
(189, 38, 'Leader Sale', 8, 5, '2024-12-16 00:00:00', 28790000, 0, 0, 0, 0, 0, '2024-12-16 17:34:37', '2024-12-16 17:34:37'),
(190, 49, 'Sale', 8, 5, '2024-12-16 00:00:00', 28860000, 0, 0, 0, 0, 0, '2024-12-16 17:35:25', '2024-12-16 17:35:25'),
(191, 47, 'Sale', 8, 5, '2024-12-15 00:00:00', 0, 0, 0, 0, 0, 0, '2024-12-16 22:39:10', '2024-12-16 22:39:10'),
(192, 47, 'Sale', 8, 5, '2024-12-16 00:00:00', 0, 0, 0, 0, 0, 0, '2024-12-16 22:39:29', '2024-12-16 22:39:29'),
(193, 40, 'CTV', 8, 5, '2024-12-16 00:00:00', 29980000, 0, 0, 0, 0, 0, '2024-12-16 23:22:00', '2024-12-16 23:22:00'),
(194, 41, 'CTV', 8, 5, '2024-12-16 00:00:00', 18690000, 0, 0, 0, 0, 0, '2024-12-16 23:24:51', '2024-12-16 23:25:33'),
(195, 45, 'CTV', 8, 5, '2024-12-16 00:00:00', 0, 0, 0, 0, 0, 0, '2024-12-17 00:16:22', '2024-12-17 00:16:22'),
(196, 39, 'Sale', 8, 5, '2024-12-16 00:00:00', 47480000, 0, 0, 0, 0, 0, '2024-12-17 08:16:26', '2024-12-17 08:16:26'),
(197, 49, 'Sale', 8, 5, '2024-12-17 00:00:00', 16350000, 0, 0, 0, 0, 0, '2024-12-17 17:29:23', '2024-12-17 17:29:23'),
(198, 48, 'Sale', 8, 5, '2024-12-17 00:00:00', 33025000, 0, 0, 0, 0, 0, '2024-12-17 17:30:25', '2024-12-17 17:30:25'),
(199, 46, 'Sale', 8, 5, '2024-12-17 00:00:00', 16000000, 0, 0, 0, 0, 0, '2024-12-17 17:31:18', '2024-12-17 17:31:18'),
(200, 39, 'Sale', 8, 5, '2024-12-17 00:00:00', 18280000, 0, 0, 0, 0, 0, '2024-12-17 17:31:26', '2024-12-17 17:31:26'),
(201, 38, 'Leader Sale', 8, 5, '2024-12-17 00:00:00', 31410000, 0, 0, 0, 0, 0, '2024-12-17 17:32:46', '2024-12-17 17:32:46'),
(202, 47, 'Sale', 8, 5, '2024-12-17 00:00:00', 29510000, 0, 0, 0, 0, 0, '2024-12-17 17:34:18', '2024-12-17 17:34:18'),
(204, 40, 'CTV', 8, 5, '2024-12-17 00:00:00', 23100000, 0, 0, 0, 0, 0, '2024-12-17 23:05:10', '2024-12-17 23:05:10'),
(205, 45, 'CTV', 8, 5, '2024-12-17 00:00:00', 27340000, 0, 0, 0, 0, 0, '2024-12-17 23:19:35', '2024-12-17 23:19:35'),
(206, 41, 'CTV', 8, 5, '2024-12-17 00:00:00', 23650000, 0, 0, 0, 0, 0, '2024-12-17 23:24:38', '2024-12-17 23:24:38'),
(207, 44, 'CSKH', 9, 5, '2024-12-17 00:00:00', 0, 22970000, 0, 0, 0, 0, '2024-12-18 08:00:57', '2024-12-18 08:00:57'),
(208, 49, 'Sale', 8, 5, '2024-12-18 00:00:00', 15800000, 0, 0, 0, 0, 0, '2024-12-18 12:18:06', '2024-12-18 12:18:06'),
(209, 39, 'Sale', 8, 5, '2024-12-18 00:00:00', 33015000, 0, 0, 0, 0, 0, '2024-12-18 17:27:58', '2024-12-18 17:27:58'),
(210, 47, 'Sale', 8, 5, '2024-12-18 00:00:00', 26730000, 0, 0, 0, 0, 0, '2024-12-18 17:29:15', '2024-12-18 17:29:15'),
(211, 44, 'CSKH', 9, 5, '2024-12-18 00:00:00', 0, 18080000, 0, 0, 0, 0, '2024-12-18 17:30:00', '2024-12-18 17:30:10'),
(212, 48, 'Sale', 8, 5, '2024-12-18 00:00:00', 21530000, 0, 0, 0, 0, 0, '2024-12-18 17:30:27', '2024-12-18 17:30:27'),
(213, 45, 'CTV', 8, 5, '2024-12-18 00:00:00', 21840000, 0, 0, 0, 0, 0, '2024-12-18 23:02:48', '2024-12-18 23:02:48'),
(214, 42, 'CTV', 8, 5, '2024-12-18 00:00:00', 17040000, 0, 0, 0, 0, 0, '2024-12-18 23:06:31', '2024-12-18 23:06:31'),
(215, 38, 'Leader Sale', 8, 5, '2024-12-18 00:00:00', 25960000, 0, 0, 0, 0, 0, '2024-12-19 08:08:14', '2024-12-19 08:08:14'),
(216, 48, 'Sale', 8, 5, '2024-12-19 00:00:00', 23400000, 0, 0, 0, 0, 0, '2024-12-19 17:29:43', '2024-12-19 17:29:43'),
(217, 39, 'Sale', 8, 5, '2024-12-19 00:00:00', 35445000, 0, 0, 0, 0, 0, '2024-12-19 17:29:57', '2024-12-19 17:29:57'),
(218, 38, 'Leader Sale', 8, 5, '2024-12-19 00:00:00', 21031000, 0, 0, 0, 0, 0, '2024-12-19 17:30:09', '2024-12-19 17:30:09'),
(219, 46, 'Sale', 8, 5, '2024-12-18 00:00:00', 14040000, 0, 0, 0, 0, 0, '2024-12-19 17:30:10', '2024-12-19 17:30:10'),
(220, 49, 'Sale', 8, 5, '2024-12-19 00:00:00', 24400000, 0, 0, 0, 0, 0, '2024-12-19 17:30:29', '2024-12-19 17:30:29'),
(221, 44, 'CSKH', 9, 5, '2024-12-19 00:00:00', 0, 10330000, 0, 0, 0, 0, '2024-12-19 17:30:45', '2024-12-19 17:30:45'),
(222, 47, 'Sale', 8, 5, '2024-12-19 00:00:00', 20465000, 0, 0, 0, 0, 0, '2024-12-19 17:32:30', '2024-12-19 17:32:30'),
(223, 40, 'CTV', 8, 5, '2024-12-18 00:00:00', 22420000, 0, 0, 0, 0, 0, '2024-12-19 17:51:19', '2024-12-19 17:51:19'),
(224, 42, 'CTV', 8, 5, '2024-12-19 00:00:00', 16050000, 0, 0, 0, 0, 0, '2024-12-19 23:09:08', '2024-12-19 23:09:08'),
(225, 41, 'CTV', 8, 5, '2024-12-19 00:00:00', 20860000, 0, 0, 0, 0, 0, '2024-12-19 23:29:51', '2024-12-19 23:29:51'),
(226, 46, 'Sale', 8, 5, '2024-12-19 00:00:00', 23000000, 0, 0, 0, 0, 0, '2024-12-20 09:08:45', '2024-12-20 09:08:45'),
(227, 48, 'Sale', 8, 5, '2024-12-20 00:00:00', 37910000, 0, 0, 0, 0, 0, '2024-12-20 17:30:16', '2024-12-20 17:30:16'),
(228, 39, 'Sale', 8, 5, '2024-12-20 00:00:00', 27120000, 0, 0, 0, 0, 0, '2024-12-20 17:31:46', '2024-12-20 17:31:46'),
(229, 49, 'Sale', 8, 5, '2024-12-20 00:00:00', 23080000, 0, 0, 0, 0, 0, '2024-12-20 17:32:04', '2024-12-20 17:32:04'),
(230, 38, 'Leader Sale', 8, 5, '2024-12-20 00:00:00', 20940000, 0, 0, 0, 0, 0, '2024-12-20 17:33:14', '2024-12-20 17:33:14'),
(231, 47, 'Sale', 8, 5, '2024-12-20 00:00:00', 27110000, 0, 0, 0, 0, 0, '2024-12-20 17:33:32', '2024-12-20 17:33:32'),
(232, 46, 'Sale', 8, 5, '2024-12-20 00:00:00', 13700000, 0, 0, 0, 0, 0, '2024-12-20 17:33:46', '2024-12-20 17:33:46'),
(233, 44, 'CSKH', 9, 5, '2024-12-20 00:00:00', 0, 13660000, 0, 0, 0, 0, '2024-12-20 17:34:17', '2024-12-20 17:34:17'),
(234, 40, 'CTV', 8, 5, '2024-12-19 00:00:00', 27210000, 0, 0, 0, 0, 0, '2024-12-20 18:57:54', '2024-12-20 18:57:54'),
(235, 40, 'CTV', 8, 5, '2024-12-14 00:00:00', 0, 0, 0, 0, 0, 0, '2024-12-20 18:58:46', '2024-12-20 18:58:46'),
(236, 45, 'CTV', 8, 5, '2024-12-19 00:00:00', 0, 0, 0, 0, 0, 0, '2024-12-20 22:59:29', '2024-12-20 22:59:29'),
(237, 45, 'CTV', 8, 5, '2024-12-20 00:00:00', 30780000, 0, 0, 0, 0, 0, '2024-12-20 23:02:58', '2024-12-20 23:04:16'),
(238, 41, 'CTV', 8, 5, '2024-12-20 00:00:00', 23260000, 0, 0, 0, 0, 0, '2024-12-20 23:13:56', '2024-12-20 23:23:12'),
(239, 42, 'CTV', 8, 5, '2024-12-20 00:00:00', 21220000, 0, 0, 0, 0, 0, '2024-12-20 23:50:27', '2024-12-20 23:50:27'),
(240, 43, 'CTV', 8, 5, '2024-12-17 00:00:00', 0, 0, 0, 0, 0, 0, '2024-12-21 15:19:32', '2024-12-21 15:19:32'),
(241, 43, 'CTV', 8, 5, '2024-12-18 00:00:00', 0, 0, 0, 0, 0, 0, '2024-12-21 15:19:58', '2024-12-21 15:19:58'),
(242, 43, 'CTV', 8, 5, '2024-12-19 00:00:00', 230000, 0, 0, 0, 0, 0, '2024-12-21 15:20:19', '2024-12-21 15:20:48'),
(243, 43, 'CTV', 8, 5, '2024-12-20 00:00:00', 1240000, 0, 0, 0, 0, 0, '2024-12-21 15:20:35', '2024-12-21 15:20:35'),
(244, 48, 'Sale', 8, 5, '2024-12-21 00:00:00', 28150000, 0, 0, 0, 0, 0, '2024-12-21 16:30:27', '2024-12-21 16:30:27'),
(245, 44, 'CSKH', 9, 5, '2024-12-21 00:00:00', 0, 18350000, 0, 0, 0, 0, '2024-12-21 16:32:32', '2024-12-21 16:32:32'),
(246, 49, 'Sale', 8, 5, '2024-12-21 00:00:00', 17310000, 0, 0, 0, 0, 0, '2024-12-21 16:32:43', '2024-12-21 16:32:43'),
(247, 44, 'CSKH', 9, 5, '2024-12-22 00:00:00', 0, 0, 0, 0, 0, 0, '2024-12-21 16:32:59', '2024-12-21 16:33:19'),
(248, 46, 'Sale', 8, 5, '2024-12-21 00:00:00', 28100000, 0, 0, 0, 0, 0, '2024-12-21 16:33:21', '2024-12-21 16:33:21'),
(249, 38, 'Leader Sale', 8, 5, '2024-12-21 00:00:00', 23110000, 0, 0, 0, 0, 0, '2024-12-21 16:33:59', '2024-12-21 16:33:59'),
(250, 47, 'Sale', 8, 5, '2024-12-21 00:00:00', 26410000, 0, 0, 0, 0, 0, '2024-12-21 20:55:22', '2024-12-21 20:55:22'),
(251, 43, 'CTV', 8, 5, '2024-12-21 00:00:00', 25440000, 0, 0, 0, 0, 0, '2024-12-21 23:08:37', '2024-12-21 23:08:37'),
(252, 42, 'CTV', 8, 5, '2024-12-14 00:00:00', 19220000, 0, 0, 0, 0, 0, '2024-12-21 23:21:41', '2024-12-21 23:21:41'),
(253, 42, 'CTV', 8, 5, '2024-12-21 00:00:00', 26240000, 0, 0, 0, 0, 0, '2024-12-21 23:52:05', '2024-12-21 23:52:05'),
(254, 48, 'Sale', 8, 5, '2024-12-22 00:00:00', 22490000, 0, 0, 0, 0, 0, '2024-12-22 12:19:40', '2024-12-22 12:19:40'),
(255, 38, 'Leader Sale', 8, 5, '2024-12-22 00:00:00', 57900000, 0, 0, 0, 0, 0, '2024-12-22 17:35:25', '2024-12-22 17:35:25'),
(256, 47, 'Sale', 8, 5, '2024-12-22 00:00:00', 55517000, 0, 0, 0, 0, 0, '2024-12-22 20:36:07', '2024-12-22 20:36:07'),
(257, 43, 'CTV', 8, 5, '2024-12-22 00:00:00', 20400000, 0, 0, 0, 0, 0, '2024-12-22 23:10:53', '2024-12-22 23:10:53'),
(258, 45, 'CTV', 8, 5, '2024-12-21 00:00:00', 0, 0, 0, 0, 0, 0, '2024-12-22 23:15:29', '2024-12-22 23:15:29'),
(259, 41, 'CTV', 8, 5, '2024-12-22 00:00:00', 38050000, 0, 0, 0, 0, 0, '2024-12-22 23:20:03', '2024-12-22 23:20:03'),
(260, 45, 'CTV', 8, 5, '2024-12-22 00:00:00', 30650000, 0, 0, 0, 0, 0, '2024-12-22 23:25:56', '2024-12-22 23:29:17'),
(261, 39, 'Sale', 8, 5, '2024-12-21 00:00:00', 0, 0, 0, 0, 0, 0, '2024-12-23 07:56:24', '2024-12-23 07:56:24'),
(262, 39, 'Sale', 8, 5, '2024-12-22 00:00:00', 0, 0, 0, 0, 0, 0, '2024-12-23 07:56:36', '2024-12-23 07:56:36'),
(263, 39, 'Sale', 8, 5, '2024-12-23 00:00:00', 18140000, 0, 0, 0, 0, 0, '2024-12-23 17:24:58', '2024-12-23 17:24:58'),
(264, 38, 'Leader Sale', 8, 5, '2024-12-23 00:00:00', 22620000, 0, 0, 0, 0, 0, '2024-12-23 17:27:30', '2024-12-23 17:27:30'),
(265, 48, 'Sale', 8, 5, '2024-12-23 00:00:00', 25000000, 0, 0, 0, 0, 0, '2024-12-23 17:29:08', '2024-12-23 17:29:08'),
(266, 49, 'Sale', 8, 5, '2024-12-23 00:00:00', 20530000, 0, 0, 0, 0, 0, '2024-12-23 17:29:37', '2024-12-23 17:29:37'),
(267, 47, 'Sale', 8, 5, '2024-12-23 00:00:00', 38564000, 0, 0, 0, 0, 0, '2024-12-23 17:30:40', '2024-12-23 17:30:40'),
(268, 43, 'CTV', 8, 5, '2024-12-23 00:00:00', 36915000, 0, 0, 0, 0, 0, '2024-12-23 23:11:56', '2024-12-23 23:11:56'),
(269, 42, 'CTV', 8, 5, '2024-12-23 00:00:00', 34690000, 0, 0, 0, 0, 0, '2024-12-23 23:40:37', '2024-12-23 23:40:37'),
(270, 45, 'CTV', 8, 5, '2024-12-23 00:00:00', 35270000, 0, 0, 0, 0, 0, '2024-12-24 00:04:05', '2024-12-24 00:08:16'),
(271, 44, 'CSKH', 9, 5, '2024-12-24 00:00:00', 0, 12260000, 0, 0, 0, 0, '2024-12-24 08:02:01', '2024-12-24 08:02:01'),
(272, 1, 'Giám đốc', 4, 2, '2024-12-24 00:00:00', 9, 10, 11, 12, 13, 14, '2024-12-24 15:02:03', '2024-12-24 15:02:03');

-- --------------------------------------------------------

--
-- Cấu trúc bảng cho bảng `sale_target_reports`
--

CREATE TABLE `sale_target_reports` (
  `id` int NOT NULL,
  `tern` datetime NOT NULL,
  `userId` int NOT NULL,
  `position` varchar(128) CHARACTER SET utf8mb4 COLLATE utf8mb4_bin NOT NULL,
  `teamId` int NOT NULL,
  `branchId` int NOT NULL,
  `incomeTarget` int NOT NULL,
  `incomeAvg` int NOT NULL,
  `createdAt` datetime NOT NULL,
  `updatedAt` datetime NOT NULL
) ENGINE=InnoDB DEFAULT CHARSET=utf8mb4 COLLATE=utf8mb4_bin;

--
-- Đang đổ dữ liệu cho bảng `sale_target_reports`
--

INSERT INTO `sale_target_reports` (`id`, `tern`, `userId`, `position`, `teamId`, `branchId`, `incomeTarget`, `incomeAvg`, `createdAt`, `updatedAt`) VALUES
(1, '2024-12-01 00:00:00', 1, 'Giám đốc', 4, 2, 100, 1000, '2024-12-24 16:00:26', '2024-12-24 16:02:37');

-- --------------------------------------------------------

--
-- Cấu trúc bảng cho bảng `teams`
--

CREATE TABLE `teams` (
  `id` int NOT NULL,
  `name` varchar(256) CHARACTER SET utf8mb4 COLLATE utf8mb4_bin NOT NULL,
  `createdAt` datetime DEFAULT CURRENT_TIMESTAMP,
  `updatedAt` datetime DEFAULT CURRENT_TIMESTAMP ON UPDATE CURRENT_TIMESTAMP
) ENGINE=InnoDB DEFAULT CHARSET=utf8mb4 COLLATE=utf8mb4_bin;

--
-- Đang đổ dữ liệu cho bảng `teams`
--

INSERT INTO `teams` (`id`, `name`, `createdAt`, `updatedAt`) VALUES
(1, 'HOME 0 SƠN', '2024-12-02 09:44:24', '2024-12-02 09:46:49'),
(2, 'HOME 1 NGA', '2024-12-02 09:44:29', '2024-12-02 09:46:42'),
(3, 'HOME 2 PHÚC', '2024-12-02 09:44:53', '2024-12-02 09:46:33'),
(4, 'AUTO 0 SƠN', '2024-12-02 09:45:27', '2024-12-02 09:46:58'),
(5, 'AUTO 1 HẢI', '2024-12-02 09:45:32', '2024-12-02 09:47:02'),
(6, 'AUTO 2 CHIẾN', '2024-12-02 09:45:38', '2024-12-02 09:47:07'),
(7, 'OFFICE', '2024-12-02 09:45:58', '2024-12-02 09:45:58'),
(8, 'SALE', '2024-12-02 11:18:18', '2024-12-07 08:07:04'),
(9, 'CSKH', '2024-12-07 08:07:09', '2024-12-07 08:07:09');

-- --------------------------------------------------------

--
-- Cấu trúc bảng cho bảng `users`
--

CREATE TABLE `users` (
  `id` int NOT NULL,
  `name` varchar(256) CHARACTER SET utf8mb4 COLLATE utf8mb4_bin NOT NULL,
  `email` varchar(256) CHARACTER SET utf8mb4 COLLATE utf8mb4_bin NOT NULL,
  `password` varchar(8192) CHARACTER SET utf8mb4 COLLATE utf8mb4_bin NOT NULL,
  `role` enum('ADMIN','LEADER','USER','LEADERBRANCH') CHARACTER SET utf8mb4 COLLATE utf8mb4_bin NOT NULL DEFAULT 'USER',
  `phone` varchar(16) CHARACTER SET utf8mb4 COLLATE utf8mb4_bin DEFAULT NULL,
  `position` varchar(128) CHARACTER SET utf8mb4 COLLATE utf8mb4_bin DEFAULT NULL,
  `teamId` int DEFAULT NULL,
  `branchId` int DEFAULT NULL,
  `status` enum('Working','NotWorking') CHARACTER SET utf8mb4 COLLATE utf8mb4_bin NOT NULL,
  `createdAt` datetime DEFAULT CURRENT_TIMESTAMP,
  `updatedAt` datetime DEFAULT CURRENT_TIMESTAMP ON UPDATE CURRENT_TIMESTAMP
) ENGINE=InnoDB DEFAULT CHARSET=utf8mb4 COLLATE=utf8mb4_bin;

--
-- Đang đổ dữ liệu cho bảng `users`
--

INSERT INTO `users` (`id`, `name`, `email`, `password`, `role`, `phone`, `position`, `teamId`, `branchId`, `status`, `createdAt`, `updatedAt`) VALUES
(1, 'Macas', 'macas@gmail.com', '$2a$10$8oxQ1.R8QGzQdMJJyMC2P.ENb70KgH5.ip/ZxllH5V/5ead6aIc1S', 'ADMIN', NULL, 'Giám đốc', 4, 2, 'Working', '2024-11-26 17:52:38', '2024-12-01 23:07:18'),
(15, 'Ngô Hường', 'hcns.macas22@gmail.com', '$2a$10$ZxKmswS6tmEOiEWiD/PCEu1j3cAv/pw4aA2X.Rca5djZKTInfNiHO', 'ADMIN', '0868969726', 'CTV', 7, 1, 'Working', '2024-12-02 09:44:14', '2024-12-02 09:47:29'),
(16, 'Lê Đăng Sơn', 'dangsoncdt@gmail.com', '$2a$10$GdorNt6uEe61EZANra.g7eKv0SYu8NU71v4V6..hwVQDQxvTQnRr6', 'LEADERBRANCH', '0973982661', 'Giám đốc', 4, 1, 'Working', '2024-12-02 10:08:20', '2024-12-07 07:54:13'),
(17, 'Lê Thành Minh', 'Lethanhminh784@gmail.com', '$2a$10$mUAszmp4z23HYvrrCSXNrOLPw.GXQ4StCIOCgZEv2ZzYuyEJilmr.', 'USER', '0397483770', 'Marketing', 5, 1, 'Working', '2024-12-02 10:09:15', '2024-12-02 10:09:15'),
(18, 'Hà Bảo Trung', 'TrungSCE@gmail.com', '$2a$10$Ikd28qH9KchAZ.v.J/wGxOhxZGwVbb3TofdMQYJsUZoHBfuRnxuAy', 'USER', '0972895369', 'MKT Thử việc', 5, 1, 'Working', '2024-12-02 10:09:50', '2024-12-02 10:09:50'),
(19, 'Trần Quốc Đạt', 'quocdatt88@gmail.com', '$2a$10$f68Pt04nH5gUeAS8qmBnAuKoz8BrdHVgNscLbWjNOYhm9ANdjetLK', 'USER', '0858386333', 'Marketing', 5, 1, 'Working', '2024-12-02 10:10:36', '2024-12-02 10:10:36'),
(20, 'Bá Ngọc Phúc', 'bangocphuc1@gmail.com', '$2a$10$9DhAhj.3.A/xbZ.7qdOkreOoEkNhP46VMG.1teRsuqGYEY5QstVXe', 'USER', '0963656336', 'Marketing', 4, 1, 'Working', '2024-12-02 10:11:19', '2024-12-02 10:11:19'),
(21, 'Lê Văn An', 'levanan8982@gmail.com', '$2a$10$nl8ePPxHB/Ime9B5Oc75IuPwueoLWg2gZmAZXTf6gjlRL2EkYNgw.', 'USER', '0399668982', 'Marketing', 1, 2, 'Working', '2024-12-02 10:14:44', '2024-12-02 10:14:44'),
(22, 'Trần Thị Bảo Ngọc', 'btran0769@gmail.com', '$2a$10$Ix0.6VaaZdyRSuwfop1TcuY2hes2jYSUoEOXpw.nbaRvcGAfW/Eq6', 'USER', '0358967927', 'Marketing', 4, 1, 'Working', '2024-12-02 10:15:48', '2024-12-02 10:15:48'),
(23, 'Nguyễn Thị Thắm', 'nguyentham29401@gmail.com', '$2a$10$kh4JkqFCSM/n00JYgtn3aO08RyLipd6/qnVCvyoUJASSy7Qt0z9dG', 'USER', '0868080041', 'Marketing', 4, 1, 'Working', '2024-12-02 10:32:18', '2024-12-02 10:32:18'),
(24, 'Nông Thúy Nga', 'thuynga0501.20@gmail.com', '$2a$10$f/8U/CFQfugIvcEOHeTHNeDxg9P.JxKcLv1ewBw2YLypQLkf19cGq', 'LEADER', '0378311666', 'Leader MKT', 2, 2, 'Working', '2024-12-02 10:33:29', '2024-12-02 10:33:29'),
(25, 'Phạm Quang Huy', 'huypham130401@gmail.com', '$2a$10$TGk9txfj8rLofvYCEvf00uc/7SKTdVKGMC4AHqNNQNzTqzkONIr1m', 'USER', '0868417894', 'Marketing', 1, 2, 'Working', '2024-12-02 10:34:07', '2024-12-02 10:34:07'),
(26, 'Bùi Minh Hải', 'buihai200298@gmail.com', '$2a$10$idtAvPqoCIJOCch9ajiZLe0g/PQ97VpV311MDVQdSdxWm1GAkQV0y', 'LEADER', '0363824466', 'Leader MKT', 5, 1, 'Working', '2024-12-02 10:35:13', '2024-12-02 10:35:13'),
(27, 'Nguyễn Anh Đức', 'ducna57.aa@gmail.com', '$2a$10$lhzBNxJTZMItyFFUx8xlg.lWjtLN1Y6yO06vBPQgcqJSuLJ5gnqcG', 'USER', '0915346352', 'Marketing', 2, 2, 'Working', '2024-12-02 10:36:00', '2024-12-02 10:36:00'),
(28, 'Phạm Phương Nhi', 'nhiphuongpham2k3@gmail.com', '$2a$10$tsjNCsdu2fkSPfuxs1nmBODIs.wI0Q0Y/rgWqZFW5QggeNXHHPUBe', 'USER', '0379779285', 'Marketing', 1, 2, 'Working', '2024-12-02 10:37:15', '2024-12-02 10:37:15'),
(29, 'Phạm Văn Lương', 'phamvanluong14102001@gmail.com', '$2a$10$SqzRXoIqOXoHcTgc84c4CuBFXYBh/298pVfMdQ3aIskGwyOxJchUq', 'USER', '0983830221', 'Marketing', 4, 1, 'Working', '2024-12-02 10:37:48', '2024-12-02 10:41:38'),
(30, 'Nguyễn Bảo Yến', 'iambaoyenn@gmail.com', '$2a$10$Y6DX45Ppo7HQcs9/v7g6mucEx5HQtf6Koz5EqeOXlIbbNZnTLgRkS', 'USER', '096530988', 'Marketing', 1, 2, 'Working', '2024-12-02 10:37:50', '2024-12-02 10:41:03'),
(31, 'Lương Văn Tuyên', 'luongtuyen505@gmail.com', '$2a$10$2vjrlINcBJCqM9aK5z8woO88a3hSAqDi8dZ.6m8wJS9c1Dj2C0KtC', 'USER', '0969205814', 'Marketing', 1, 2, 'Working', '2024-12-02 10:38:37', '2024-12-02 10:40:50'),
(32, 'Đào Văn Phúc', 'daophuc2001x@gmail.com', '$2a$10$BTWrO4vdQP.PBPxJ3PLVW.Bh43mmCguzYxFdO158YCGyV0Cm.94QS', 'LEADER', '0375681739', 'Leader tập sự', 3, 2, 'Working', '2024-12-02 10:38:58', '2024-12-02 10:38:58'),
(33, 'Nguyễn Văn Cơ', 'nguyenvanco.official@gmail.com', '$2a$10$J7SWhKwrm.pYGel/2HvGwedGkKuCHWqYTYFIyv.jMw4Sd2WEGMnX2', 'USER', '0348566652', 'Marketing', 4, 1, 'Working', '2024-12-02 10:39:40', '2024-12-02 10:39:40'),
(34, 'Vũ Ngọc Chiến', 'vungocchien123.cnv@gmail.com', '$2a$10$Vyv.OJiomkHpl7O9Pv/3IO.gPd2DuXX/j99KCxl7AbnHEIjQXGI2u', 'LEADER', '0945213601', 'Leader tập sự', 6, 1, 'Working', '2024-12-02 10:39:51', '2024-12-02 10:39:51'),
(35, 'Nguyễn Thị Thu Trang', 'thutrangdh9c@gmail.com', '$2a$10$8AYKTJgs0ei7L/zBqeufP.X0dIfYVDLgP6SfXqjSbgwJXGB4P7PpO', 'USER', '0866136002', 'Marketing', 4, 1, 'Working', '2024-12-02 10:40:37', '2024-12-02 10:40:37'),
(36, 'Mai Thành Đạt', 'maithanhdat100703@gmail.com', '$2a$10$hfSgW0vUbG8TOZSnIbqhyeIZfOyktkdM.EVz.Wnrb5AlTU4zvgmpy', 'USER', '0858807855', 'Marketing', 1, 2, 'Working', '2024-12-02 10:40:43', '2024-12-02 10:40:43'),
(37, 'Nguyễn Ngọc Sơn', 'sonnnph12719@gmail.com', '$2a$10$ZJBrsUyR3nRHd.E68CH7P.BPqfT1H7OCpLYWaImHfB93JHTvFm8i.', 'LEADERBRANCH', '0336732340', 'Giám đốc', 1, 2, 'Working', '2024-12-02 10:47:39', '2024-12-07 07:53:53'),
(38, 'Kha Thu Lan', 'khathulan@gmail.com', '$2a$10$qwZLnh5k/x5bIUYwI/LZwufrsO.hyQrI1YKp54Zc.VwRMP330s4Ma', 'LEADERBRANCH', '0392381923', 'Leader Sale', 8, 5, 'Working', '2024-12-05 14:44:12', '2024-12-07 14:44:32'),
(39, 'Nguyễn Thu Thảo', 'thuthao28102004@gmail.com', '$2a$10$vU2Un/j3arXGTR2lBYOg0.0lhh2.Zm1trSzPGWsokMQiiGoABS2Ny', 'USER', '0962248409', 'Sale', 8, 5, 'Working', '2024-12-05 14:44:44', '2024-12-05 14:44:44'),
(40, 'Vũ Thị Nhật Minh', 'minhvu1070@gmail.com', '$2a$10$c/9IzNK/h//QLFODJPvPSOUdSkDRHJ6PvZ6OiMa.wRba1zpVzdK3m', 'USER', '0368381194', 'CTV', 8, 5, 'Working', '2024-12-05 14:45:20', '2024-12-05 14:45:20'),
(41, 'Lê Thị Khánh Linh', 'ltkl1402@gmail.com', '$2a$10$YGDCOcZ4JgOKcwnpFkgCn.wzrVQaUI9BSzXYFLIuYO9JFv2GyUZZC', 'USER', '0965192290', 'CTV', 8, 5, 'Working', '2024-12-05 14:45:54', '2024-12-05 14:45:54'),
(42, 'Nguyễn Thị Chúc', 'chuc48577@gmail.com', '$2a$10$RydXYp3lGIhamMg80IrC4OpysMk5UC37AcguEpDMpXrDM0DrR02dy', 'USER', '0987775608', 'CTV', 8, 5, 'Working', '2024-12-05 14:46:23', '2024-12-05 14:46:23'),
(43, 'Nguyễn Mai Hương', 'Maihuongregina@gmail.com', '$2a$10$LrhU6LX71GKxRNwkW3t1BuWTeh4Y/dIayQH247y9R.Eh4jlnup7Re', 'USER', '0342423467', 'CTV', 8, 5, 'Working', '2024-12-05 14:46:51', '2024-12-05 14:46:51'),
(44, 'Nguyễn Hoàng Nguyệt Vy', 'nguyenvy1022001@gmail.com', '$2a$10$6clpN0XEFhuQOJjsgCY6Ee025Jx5Rg1eVZD2KT1SvtOiKbhwoGhgK', 'USER', '0984521718', 'CSKH', 9, 5, 'Working', '2024-12-05 14:47:30', '2024-12-07 08:07:28'),
(45, 'Nguyễn Thị Thùy Trang', 'nguyentrang271101@gmail.com', '$2a$10$e2F4KrmV4MM/n7gDIFxPhOucrfxIdQIjuCpoe1DzwX65wdS9LDe9i', 'USER', '0364125979', 'CTV', 8, 5, 'Working', '2024-12-05 14:48:39', '2024-12-05 14:48:39'),
(46, 'Nguyễn Đức Cẩm', 'nguyenduccamthao@gmail.com', '$2a$10$7areMMEdfpj6.YAxVG7MXu6yKJYFGPL2Nepvv.vD1GDyay74BsLCW', 'USER', '0367326730', 'Sale', 8, 5, 'Working', '2024-12-05 14:49:19', '2024-12-05 14:49:19'),
(47, 'Nguyễn Thị Hoài', 'hoainguyenthanh121@gmail.com', '$2a$10$Mj.GOU4wK./jeYDoe.ZxD.InVbIE0qTWoa.odQl/bYHGGuoqQLlJq', 'USER', '0945236761', 'Sale', 8, 5, 'Working', '2024-12-05 14:49:47', '2024-12-05 14:49:47'),
(48, 'Nguyễn Hồng Sơn', 'nguyenhongsonhl11@gmail.com', '$2a$10$hfRRxzExaOFCbmdgPNCklu20BdrQmkjmmz.gjOhz4uTvlz42DcDSG', 'USER', '0333326448', 'Sale', 8, 5, 'Working', '2024-12-05 14:50:18', '2024-12-05 14:50:18'),
(49, 'Đỗ Thị Khánh Linh', 'lynlyn2909@gmail.com', '$2a$10$EsefV15IroSkQOy5750rXe6.7U9i1X/fNB3ZZ/RK04VKs7RcK6IVO', 'USER', '0948414726', 'Sale', 8, 5, 'Working', '2024-12-05 14:51:23', '2024-12-05 14:51:23'),
(50, 'User', 'macas-user@gmail.com', '$2a$10$nlkkzgBXvLv5R8XPtjOyDuvZHilDJjyRHkrffs8M3OIT8h8iG6YPG', 'USER', NULL, 'MKT Học việc', 1, 1, 'Working', '2024-12-18 08:21:21', '2024-12-18 08:21:21');

-- --------------------------------------------------------

--
-- Cấu trúc đóng vai cho view `view_bonus_month_reports`
-- (See below for the actual view)
--
CREATE TABLE `view_bonus_month_reports` (
`branchName` varchar(256)
,`status` int
,`teamName` varchar(256)
,`tern` varchar(7)
,`type` enum('bonus','penalty')
,`userId` int
,`userName` varchar(256)
,`userPosition` varchar(128)
,`value` decimal(32,0)
);

-- --------------------------------------------------------

--
-- Cấu trúc đóng vai cho view `view_bonus_reports`
-- (See below for the actual view)
--
CREATE TABLE `view_bonus_reports` (
`branchName` varchar(256)
,`content` varchar(4096)
,`date` varchar(10)
,`documentReference` varchar(4096)
,`id` int
,`record` varchar(1024)
,`status` int
,`teamId` int
,`teamName` varchar(256)
,`tern` varchar(7)
,`type` enum('bonus','penalty')
,`userId` int
,`userName` varchar(256)
,`userPosition` varchar(128)
,`value` int
);

-- --------------------------------------------------------

--
-- Cấu trúc đóng vai cho view `view_marketing_reports`
-- (See below for the actual view)
--
CREATE TABLE `view_marketing_reports` (
`ads` int
,`adsAlert` varchar(10)
,`adsRate` decimal(14,0)
,`branchId` int
,`branchName` varchar(256)
,`createdAt` datetime
,`date` varchar(10)
,`id` int
,`income` int
,`incomeNet` bigint
,`orderCount` int
,`shipCost` bigint
,`teamId` int
,`teamName` varchar(256)
,`updatedAt` datetime
,`userId` int
,`userName` varchar(256)
,`win` int
);

-- --------------------------------------------------------

--
-- Cấu trúc đóng vai cho view `view_marketing_team_reports`
-- (See below for the actual view)
--
CREATE TABLE `view_marketing_team_reports` (
`ads` decimal(32,0)
,`adsAlert` varchar(10)
,`adsRate` decimal(36,0)
,`branchId` int
,`branchName` varchar(256)
,`date` varchar(10)
,`income` decimal(32,0)
,`teamId` int
,`teamName` varchar(256)
,`win` decimal(32,0)
);

-- --------------------------------------------------------

--
-- Cấu trúc đóng vai cho view `view_sale_month_reports`
-- (See below for the actual view)
--
CREATE TABLE `view_sale_month_reports` (
`branchName` varchar(256)
,`completionRate` decimal(43,0)
,`conversionRate` decimal(34,0)
,`incomeAvg` int
,`incomeNet` decimal(39,0)
,`incomeTarget` int
,`orderAvg` decimal(40,0)
,`review` varchar(12)
,`reviewOrder` varchar(9)
,`shipCost` decimal(38,0)
,`teamName` varchar(256)
,`tern` varchar(7)
,`totalData` decimal(33,0)
,`totalIncome` decimal(33,0)
,`totalOrder` decimal(33,0)
,`userName` varchar(256)
,`userPosition` varchar(128)
);

-- --------------------------------------------------------

--
-- Cấu trúc đóng vai cho view `view_team_performance_reports`
-- (See below for the actual view)
--
CREATE TABLE `view_team_performance_reports` (
`ads` decimal(32,0)
,`adsRate` decimal(36,0)
,`adsReal` decimal(32,0)
,`branchId` int
,`branchName` varchar(256)
,`completionProjection` decimal(58,0)
,`completionRate` decimal(36,0)
,`feeReview` varchar(10)
,`income` decimal(32,0)
,`incomeAverage` decimal(33,0)
,`incomeAverageToUser` decimal(33,0)
,`incomeProjection` decimal(55,0)
,`incomeReal` decimal(32,0)
,`progressReview` varchar(12)
,`teamId` int
,`teamName` varchar(256)
,`tern` varchar(7)
,`win` decimal(32,0)
,`winReal` decimal(32,0)
);

-- --------------------------------------------------------

--
-- Cấu trúc đóng vai cho view `view_user_elite_club`
-- (See below for the actual view)
--
CREATE TABLE `view_user_elite_club` (
`adsRate` decimal(36,0)
,`branchName` varchar(256)
,`income` decimal(32,0)
,`rankElite` varchar(10)
,`teamName` varchar(256)
,`tern` varchar(7)
,`userName` varchar(256)
,`userPosition` varchar(128)
);

-- --------------------------------------------------------

--
-- Cấu trúc đóng vai cho view `view_user_performance_reports`
-- (See below for the actual view)
--
CREATE TABLE `view_user_performance_reports` (
`ads` int
,`adsRate` decimal(36,0)
,`adsReal` decimal(32,0)
,`branchId` int
,`branchName` varchar(256)
,`completionProjection` decimal(58,0)
,`completionRate` decimal(36,0)
,`createdAt` datetime
,`feeReview` varchar(10)
,`id` int
,`income` int
,`incomeAverage` decimal(33,0)
,`incomeNet` decimal(38,0)
,`incomeNetAvg` decimal(39,0)
,`incomeProjection` decimal(55,0)
,`incomeReal` decimal(32,0)
,`orderCount` decimal(32,0)
,`progressReview` varchar(12)
,`shipCost` decimal(37,0)
,`teamId` int
,`teamName` varchar(256)
,`tern` varchar(7)
,`updatedAt` datetime
,`userId` int
,`userName` varchar(256)
,`win` int
,`winReal` decimal(32,0)
);

-- --------------------------------------------------------

--
-- Cấu trúc đóng vai cho view `view_user_review_reports`
-- (See below for the actual view)
--
CREATE TABLE `view_user_review_reports` (
`ads` int
,`adsRateReal` decimal(36,0)
,`adsToIncomeTarget` int
,`branchId` int
,`branchName` varchar(256)
,`createdAt` datetime
,`id` int
,`income` int
,`incomeReal` decimal(32,0)
,`incomeTarget` bigint
,`rank` varchar(14)
,`teamId` int
,`teamName` varchar(256)
,`tern` varchar(7)
,`title` varchar(14)
,`updatedAt` datetime
,`userId` int
,`userName` varchar(256)
,`win` int
);

-- --------------------------------------------------------

--
-- Cấu trúc cho view `view_bonus_month_reports`
--
DROP TABLE IF EXISTS `view_bonus_month_reports`;

CREATE ALGORITHM=UNDEFINED DEFINER=`root`@`localhost` SQL SECURITY DEFINER VIEW `view_bonus_month_reports`  AS SELECT `view_bonus_reports`.`tern` AS `tern`, `view_bonus_reports`.`userId` AS `userId`, `view_bonus_reports`.`userName` AS `userName`, `view_bonus_reports`.`teamName` AS `teamName`, `view_bonus_reports`.`userPosition` AS `userPosition`, `view_bonus_reports`.`branchName` AS `branchName`, sum(`view_bonus_reports`.`value`) AS `value`, `view_bonus_reports`.`type` AS `type`, `view_bonus_reports`.`status` AS `status` FROM `view_bonus_reports` GROUP BY `view_bonus_reports`.`userId`, `view_bonus_reports`.`userName`, `view_bonus_reports`.`teamName`, `view_bonus_reports`.`userPosition`, `view_bonus_reports`.`branchName`, `view_bonus_reports`.`tern`, `view_bonus_reports`.`type`, `view_bonus_reports`.`status` ;

-- --------------------------------------------------------

--
-- Cấu trúc cho view `view_bonus_reports`
--
DROP TABLE IF EXISTS `view_bonus_reports`;

CREATE ALGORITHM=UNDEFINED DEFINER=`root`@`localhost` SQL SECURITY DEFINER VIEW `view_bonus_reports`  AS SELECT `bo`.`id` AS `id`, `u`.`name` AS `userName`, `u`.`id` AS `userId`, `u`.`teamId` AS `teamId`, `u`.`position` AS `userPosition`, `t`.`name` AS `teamName`, `b`.`name` AS `branchName`, date_format(`bo`.`date`,'%d/%m/%Y') AS `date`, date_format(`bo`.`tern`,'%m/%Y') AS `tern`, `bo`.`record` AS `record`, `bo`.`content` AS `content`, `bo`.`documentReference` AS `documentReference`, `bo`.`value` AS `value`, `bo`.`type` AS `type`, `bo`.`status` AS `status` FROM (((`bonus_reports` `bo` join `users` `u` on((`bo`.`userId` = `u`.`id`))) join `teams` `b` on((`bo`.`teamId` = `b`.`id`))) join `branches` `t` on((`bo`.`branchId` = `t`.`id`))) ;

-- --------------------------------------------------------

--
-- Cấu trúc cho view `view_marketing_reports`
--
DROP TABLE IF EXISTS `view_marketing_reports`;

CREATE ALGORITHM=UNDEFINED DEFINER=`bill`@`%` SQL SECURITY DEFINER VIEW `view_marketing_reports`  AS SELECT `rp`.`id` AS `id`, `rp`.`userId` AS `userId`, date_format(`rp`.`date`,'%d/%m/%Y') AS `date`, `rp`.`income` AS `income`, `rp`.`ads` AS `ads`, `rp`.`win` AS `win`, `rp`.`teamId` AS `teamId`, `rp`.`branchId` AS `branchId`, `rp`.`orderCount` AS `orderCount`, (`rp`.`orderCount` * 30000) AS `shipCost`, (`rp`.`income` - (`rp`.`orderCount` * 30000)) AS `incomeNet`, `rp`.`createdAt` AS `createdAt`, `rp`.`updatedAt` AS `updatedAt`, `u`.`name` AS `userName`, `t`.`name` AS `teamName`, `b`.`name` AS `branchName`, round(((`rp`.`ads` / `rp`.`income`) * 100),0) AS `adsRate`, (case when (((`rp`.`ads` / `rp`.`income`) * 100) > 40) then 'Quá ngưỡng' else 'Tiêu chuẩn' end) AS `adsAlert` FROM (((`marketing_reports` `rp` join `users` `u` on((`rp`.`userId` = `u`.`id`))) join `teams` `t` on((`rp`.`teamId` = `t`.`id`))) join `branches` `b` on((`rp`.`branchId` = `b`.`id`))) ;

-- --------------------------------------------------------

--
-- Cấu trúc cho view `view_marketing_team_reports`
--
DROP TABLE IF EXISTS `view_marketing_team_reports`;

CREATE ALGORITHM=UNDEFINED DEFINER=`root`@`localhost` SQL SECURITY DEFINER VIEW `view_marketing_team_reports`  AS SELECT `view_marketing_reports`.`date` AS `date`, sum(`view_marketing_reports`.`income`) AS `income`, sum(`view_marketing_reports`.`ads`) AS `ads`, sum(`view_marketing_reports`.`win`) AS `win`, `view_marketing_reports`.`teamId` AS `teamId`, `view_marketing_reports`.`branchId` AS `branchId`, `view_marketing_reports`.`teamName` AS `teamName`, `view_marketing_reports`.`branchName` AS `branchName`, round(((sum(`view_marketing_reports`.`ads`) / sum(`view_marketing_reports`.`income`)) * 100),0) AS `adsRate`, (case when (((sum(`view_marketing_reports`.`ads`) / sum(`view_marketing_reports`.`income`)) * 100) > 40) then 'Quá ngưỡng' else 'Tiêu chuẩn' end) AS `adsAlert` FROM `view_marketing_reports` GROUP BY `view_marketing_reports`.`date`, `view_marketing_reports`.`teamId`, `view_marketing_reports`.`branchId`, `view_marketing_reports`.`teamName`, `view_marketing_reports`.`branchName` ;

-- --------------------------------------------------------

--
-- Cấu trúc cho view `view_sale_month_reports`
--
DROP TABLE IF EXISTS `view_sale_month_reports`;

CREATE ALGORITHM=UNDEFINED DEFINER=`root`@`localhost` SQL SECURITY DEFINER VIEW `view_sale_month_reports`  AS SELECT date_format(`st`.`tern`,'%m/%Y') AS `tern`, `u`.`name` AS `userName`, `u`.`position` AS `userPosition`, `t`.`name` AS `teamName`, `b`.`name` AS `branchName`, `st`.`incomeTarget` AS `incomeTarget`, (sum(`s`.`newIncome`) + sum(`s`.`oldIncome`)) AS `totalIncome`, ((sum(`s`.`orderNew`) + sum(`s`.`orderOld`)) * 30000) AS `shipCost`, ((sum(`s`.`newIncome`) + sum(`s`.`oldIncome`)) - ((sum(`s`.`orderNew`) + sum(`s`.`orderOld`)) * 30000)) AS `incomeNet`, round(((sum(`s`.`newIncome`) + sum(`s`.`oldIncome`)) - ((((sum(`s`.`orderNew`) + sum(`s`.`orderOld`)) * 30000) / `st`.`incomeTarget`) * 100)),0) AS `completionRate`, (case when (round(((sum(`s`.`newIncome`) + sum(`s`.`oldIncome`)) - ((((sum(`s`.`orderNew`) + sum(`s`.`orderOld`)) * 30000) / `st`.`incomeTarget`) * 100)),0) >= 100) then 'Rất tốt' when (round(((sum(`s`.`newIncome`) + sum(`s`.`oldIncome`)) - ((((sum(`s`.`orderNew`) + sum(`s`.`orderOld`)) * 30000) / `st`.`incomeTarget`) * 100)),0) >= 90) then 'Tiêu chuẩn' else 'Chậm tiến độ' end) AS `review`, (sum(`s`.`orderNew`) + sum(`s`.`orderOld`)) AS `totalOrder`, round(((sum(`s`.`newIncome`) + sum(`s`.`oldIncome`)) - (((sum(`s`.`orderNew`) + sum(`s`.`orderOld`)) * 30000) / (sum(`s`.`orderNew`) + sum(`s`.`orderOld`)))),0) AS `orderAvg`, `st`.`incomeAvg` AS `incomeAvg`, (case when (round(((sum(`s`.`newIncome`) + sum(`s`.`oldIncome`)) - (((sum(`s`.`orderNew`) + sum(`s`.`orderOld`)) * 30000) / (sum(`s`.`orderNew`) + sum(`s`.`orderOld`)))),0) >= `st`.`incomeAvg`) then 'Đạt' else 'Không đạt' end) AS `reviewOrder`, (sum(`s`.`dataNew`) + sum(`s`.`dataOld`)) AS `totalData`, round(((sum(`s`.`orderNew`) + sum(`s`.`orderOld`)) / if(((sum(`s`.`dataNew`) + sum(`s`.`dataOld`)) > 0),(sum(`s`.`dataNew`) + sum(`s`.`dataOld`)),1)),0) AS `conversionRate` FROM ((((`sale_reports` `s` join `users` `u` on((`s`.`userId` = `u`.`id`))) join `teams` `t` on((`s`.`teamId` = `t`.`id`))) join `branches` `b` on((`s`.`branchId` = `b`.`id`))) join `sale_target_reports` `st` on(((`s`.`userId` = `st`.`userId`) and (date_format(`s`.`date`,'%m/%Y') = date_format(`st`.`tern`,'%m/%Y'))))) GROUP BY date_format(`st`.`tern`,'%m/%Y'), `u`.`name`, `u`.`position`, `t`.`name`, `b`.`name`, `st`.`incomeTarget`, `st`.`incomeAvg` ;

-- --------------------------------------------------------

--
-- Cấu trúc cho view `view_team_performance_reports`
--
DROP TABLE IF EXISTS `view_team_performance_reports`;

CREATE ALGORITHM=UNDEFINED DEFINER=`bill`@`%` SQL SECURITY DEFINER VIEW `view_team_performance_reports`  AS SELECT date_format(`mon`.`tern`,'%m/%Y') AS `tern`, `mon`.`teamId` AS `teamId`, `mon`.`branchId` AS `branchId`, `t`.`name` AS `teamName`, `b`.`name` AS `branchName`, round((sum(`mar`.`income`) / count(distinct `mar`.`userId`)),0) AS `incomeAverageToUser`, (select sum(`month_reports`.`income`) from `month_reports` where (`month_reports`.`teamId` = `mon`.`teamId`) group by `month_reports`.`teamId`) AS `income`, sum(`mon`.`ads`) AS `ads`, sum(`mon`.`win`) AS `win`, sum(`mar`.`income`) AS `incomeReal`, round((sum(`mar`.`income`) / count(`mar`.`income`)),0) AS `incomeAverage`, round(((sum(`mar`.`income`) / (select sum(`month_reports`.`income`) from `month_reports` where (`month_reports`.`teamId` = `mon`.`teamId`) group by `month_reports`.`teamId`)) * 100),0) AS `completionRate`, sum(`mar`.`ads`) AS `adsReal`, round(((sum(`mar`.`ads`) / sum(`mar`.`income`)) * 100),0) AS `adsRate`, sum(`mar`.`win`) AS `winReal`, round((((sum(`mar`.`income`) / count(`mar`.`income`)) * (dayofmonth(last_day(`mon`.`tern`)) - count(`mar`.`income`))) + sum(`mar`.`income`)),0) AS `incomeProjection`, round((((((sum(`mar`.`income`) / count(`mar`.`income`)) * (dayofmonth(last_day(`mon`.`tern`)) - count(`mar`.`income`))) + sum(`mar`.`income`)) / (select sum(`month_reports`.`income`) from `month_reports` where (`month_reports`.`teamId` = `mon`.`teamId`) group by `month_reports`.`teamId`)) * 100),0) AS `completionProjection`, (case when (round((((((sum(`mar`.`income`) / count(`mar`.`income`)) * (dayofmonth(last_day(`mon`.`tern`)) - count(`mar`.`income`))) + sum(`mar`.`income`)) / sum(`mon`.`income`)) * 100),0) >= 100) then 'Xuất sắc' when (round((((((sum(`mar`.`income`) / count(`mar`.`income`)) * (dayofmonth(last_day(`mon`.`tern`)) - count(`mar`.`income`))) + sum(`mar`.`income`)) / sum(`mon`.`income`)) * 100),0) >= 80) then 'Tiêu chuẩn' else 'Chậm tiến độ' end) AS `progressReview`, (case when (round(((sum(`mar`.`ads`) / sum(`mar`.`income`)) * 100),0) > 40) then 'Quá ngưỡng' else 'Tiêu chuẩn' end) AS `feeReview` FROM ((((`month_reports` `mon` join `marketing_reports` `mar` on(((date_format(`mon`.`tern`,'%Y-%m') = date_format(`mar`.`date`,'%Y-%m')) and (`mon`.`userId` = `mar`.`userId`)))) join `users` `u` on((`mon`.`userId` = `u`.`id`))) join `teams` `t` on((`mon`.`teamId` = `t`.`id`))) join `branches` `b` on((`mon`.`branchId` = `b`.`id`))) GROUP BY `mon`.`tern`, `mon`.`teamId`, `mon`.`branchId`, `t`.`name`, `b`.`name` ;

-- --------------------------------------------------------

--
-- Cấu trúc cho view `view_user_elite_club`
--
DROP TABLE IF EXISTS `view_user_elite_club`;

CREATE ALGORITHM=UNDEFINED DEFINER=`root`@`localhost` SQL SECURITY DEFINER VIEW `view_user_elite_club`  AS SELECT date_format(`mar`.`date`,'%m/%Y') AS `tern`, `u`.`name` AS `userName`, `u`.`position` AS `userPosition`, `b`.`name` AS `branchName`, `t`.`name` AS `teamName`, sum(`mar`.`income`) AS `income`, round(((sum(`mar`.`ads`) / sum(`mar`.`income`)) * 100),0) AS `adsRate`, (case when (round(((sum(`mar`.`ads`) / sum(`mar`.`income`)) * 100),0) > 35) then 'Tiêu chuẩn' when (sum(`mar`.`income`) >= 1000000000) then 'Kim cương' when (sum(`mar`.`income`) >= 600000000) then 'Vàng' when (sum(`mar`.`income`) >= 350000000) then 'Bạc' else 'Tiêu chuẩn' end) AS `rankElite` FROM (((`marketing_reports` `mar` join `teams` `t` on((`mar`.`teamId` = `t`.`id`))) join `branches` `b` on((`mar`.`branchId` = `b`.`id`))) join `users` `u` on((`mar`.`userId` = `u`.`id`))) GROUP BY `tern`, `userName`, `userPosition`, `branchName`, `teamName` ;

-- --------------------------------------------------------

--
-- Cấu trúc cho view `view_user_performance_reports`
--
DROP TABLE IF EXISTS `view_user_performance_reports`;

CREATE ALGORITHM=UNDEFINED DEFINER=`bill`@`%` SQL SECURITY DEFINER VIEW `view_user_performance_reports`  AS SELECT `mon`.`id` AS `id`, `mon`.`userId` AS `userId`, date_format(`mon`.`tern`,'%m/%Y') AS `tern`, `mon`.`income` AS `income`, `mon`.`ads` AS `ads`, `mon`.`teamId` AS `teamId`, `mon`.`branchId` AS `branchId`, `mon`.`win` AS `win`, `mon`.`createdAt` AS `createdAt`, `mon`.`updatedAt` AS `updatedAt`, `u`.`name` AS `userName`, `t`.`name` AS `teamName`, `b`.`name` AS `branchName`, sum(`mar`.`income`) AS `incomeReal`, sum(`mar`.`orderCount`) AS `orderCount`, (sum(`mar`.`orderCount`) * 30000) AS `shipCost`, (sum(`mar`.`income`) - (sum(`mar`.`orderCount`) * 30000)) AS `incomeNet`, round(((sum(`mar`.`income`) - (sum(`mar`.`orderCount`) * 30000)) / if((sum(`mar`.`orderCount`) > 0),sum(`mar`.`orderCount`),1)),0) AS `incomeNetAvg`, round((sum(`mar`.`income`) / count(`mar`.`income`)),0) AS `incomeAverage`, round(((sum(`mar`.`income`) / `mon`.`income`) * 100),0) AS `completionRate`, sum(`mar`.`ads`) AS `adsReal`, round(((sum(`mar`.`ads`) / sum(`mar`.`income`)) * 100),0) AS `adsRate`, sum(`mar`.`win`) AS `winReal`, round((((sum(`mar`.`income`) / count(`mar`.`income`)) * (dayofmonth(last_day(`mon`.`tern`)) - count(`mar`.`income`))) + sum(`mar`.`income`)),0) AS `incomeProjection`, round((((((sum(`mar`.`income`) / count(`mar`.`income`)) * (dayofmonth(last_day(`mon`.`tern`)) - count(`mar`.`income`))) + sum(`mar`.`income`)) / `mon`.`income`) * 100),0) AS `completionProjection`, (case when (round((((((sum(`mar`.`income`) / count(`mar`.`income`)) * (dayofmonth(last_day(`mon`.`tern`)) - count(`mar`.`income`))) + sum(`mar`.`income`)) / `mon`.`income`) * 100),0) >= 100) then 'Xuất sắc' when (round((((((sum(`mar`.`income`) / count(`mar`.`income`)) * (dayofmonth(last_day(`mon`.`tern`)) - count(`mar`.`income`))) + sum(`mar`.`income`)) / `mon`.`income`) * 100),0) >= 80) then 'Tiêu chuẩn' else 'Chậm tiến độ' end) AS `progressReview`, (case when (round(((sum(`mar`.`ads`) / sum(`mar`.`income`)) * 100),0) > 40) then 'Quá ngưỡng' else 'Tiêu chuẩn' end) AS `feeReview` FROM ((((`month_reports` `mon` join `marketing_reports` `mar` on(((date_format(`mon`.`tern`,'%Y-%m') = date_format(`mar`.`date`,'%Y-%m')) and (`mon`.`userId` = `mar`.`userId`)))) join `users` `u` on((`mon`.`userId` = `u`.`id`))) join `teams` `t` on((`mon`.`teamId` = `t`.`id`))) join `branches` `b` on((`mon`.`branchId` = `b`.`id`))) GROUP BY `mon`.`id`, `u`.`name`, `t`.`name`, `b`.`name` ;

-- --------------------------------------------------------

--
-- Cấu trúc cho view `view_user_review_reports`
--
DROP TABLE IF EXISTS `view_user_review_reports`;

CREATE ALGORITHM=UNDEFINED DEFINER=`root`@`localhost` SQL SECURITY DEFINER VIEW `view_user_review_reports`  AS SELECT `mon`.`id` AS `id`, `mon`.`userId` AS `userId`, date_format(`mon`.`tern`,'%m/%Y') AS `tern`, `mon`.`income` AS `income`, `mon`.`ads` AS `ads`, `mon`.`teamId` AS `teamId`, `mon`.`branchId` AS `branchId`, `mon`.`win` AS `win`, `mon`.`createdAt` AS `createdAt`, `mon`.`updatedAt` AS `updatedAt`, `u`.`name` AS `userName`, `t`.`name` AS `teamName`, `b`.`name` AS `branchName`, 150000000 AS `incomeTarget`, 40 AS `adsToIncomeTarget`, sum(`mar`.`income`) AS `incomeReal`, round(((sum(`mar`.`ads`) / sum(`mar`.`income`)) * 100),0) AS `adsRateReal`, (case when (sum(`mar`.`income`) < 100000000) then 'F' when (sum(`mar`.`income`) < 150000000) then 'C' when ((sum(`mar`.`income`) < 300000000) and (round(((sum(`mar`.`ads`) / sum(`mar`.`income`)) * 100),0) >= 45)) then 'C' when ((sum(`mar`.`income`) < 300000000) and (round(((sum(`mar`.`ads`) / sum(`mar`.`income`)) * 100),0) < 45)) then 'B' when ((sum(`mar`.`income`) >= 300000000) and (round(((sum(`mar`.`ads`) / sum(`mar`.`income`)) * 100),0) >= 45)) then 'C' when ((sum(`mar`.`income`) >= 300000000) and (round(((sum(`mar`.`ads`) / sum(`mar`.`income`)) * 100),0) < 45)) then 'A' else 'Không xác định' end) AS `rank`, (case when (sum(`mar`.`income`) < 100000000) then 'Hoàn thành yếu' when (sum(`mar`.`income`) < 150000000) then 'Cần cải thiện' when ((sum(`mar`.`income`) < 300000000) and (round(((sum(`mar`.`ads`) / sum(`mar`.`income`)) * 100),0) >= 45)) then 'Cần cải thiện' when ((sum(`mar`.`income`) < 300000000) and (round(((sum(`mar`.`ads`) / sum(`mar`.`income`)) * 100),0) < 45)) then 'Hoàn thành' when ((sum(`mar`.`income`) >= 300000000) and (round(((sum(`mar`.`ads`) / sum(`mar`.`income`)) * 100),0) >= 45)) then 'Cần cải thiện' when ((sum(`mar`.`income`) >= 300000000) and (round(((sum(`mar`.`ads`) / sum(`mar`.`income`)) * 100),0) < 45)) then 'Hoàn thành tốt' else 'Không xác định' end) AS `title` FROM ((((`month_reports` `mon` join `marketing_reports` `mar` on(((date_format(`mon`.`tern`,'%Y-%m') = date_format(`mar`.`date`,'%Y-%m')) and (`mon`.`userId` = `mar`.`userId`)))) join `users` `u` on((`mon`.`userId` = `u`.`id`))) join `teams` `t` on((`mon`.`teamId` = `t`.`id`))) join `branches` `b` on((`mon`.`branchId` = `b`.`id`))) GROUP BY `mon`.`id`, `u`.`name`, `t`.`name`, `b`.`name` ;

--
-- Chỉ mục cho các bảng đã đổ
--

--
-- Chỉ mục cho bảng `bonus_reports`
--
ALTER TABLE `bonus_reports`
  ADD PRIMARY KEY (`id`);

--
-- Chỉ mục cho bảng `branches`
--
ALTER TABLE `branches`
  ADD PRIMARY KEY (`id`),
  ADD UNIQUE KEY `name` (`name`);

--
-- Chỉ mục cho bảng `income_reports`
--
ALTER TABLE `income_reports`
  ADD PRIMARY KEY (`id`),
  ADD UNIQUE KEY `userId` (`userId`,`tern`);

--
-- Chỉ mục cho bảng `marketing_reports`
--
ALTER TABLE `marketing_reports`
  ADD PRIMARY KEY (`id`),
  ADD UNIQUE KEY `userId` (`userId`,`date`);

--
-- Chỉ mục cho bảng `month_reports`
--
ALTER TABLE `month_reports`
  ADD PRIMARY KEY (`id`),
  ADD UNIQUE KEY `userId` (`userId`,`tern`);

--
-- Chỉ mục cho bảng `page_reports`
--
ALTER TABLE `page_reports`
  ADD PRIMARY KEY (`id`);

--
-- Chỉ mục cho bảng `sale_reports`
--
ALTER TABLE `sale_reports`
  ADD PRIMARY KEY (`id`);

--
-- Chỉ mục cho bảng `sale_target_reports`
--
ALTER TABLE `sale_target_reports`
  ADD PRIMARY KEY (`id`);

--
-- Chỉ mục cho bảng `teams`
--
ALTER TABLE `teams`
  ADD PRIMARY KEY (`id`),
  ADD UNIQUE KEY `name` (`name`);

--
-- Chỉ mục cho bảng `users`
--
ALTER TABLE `users`
  ADD PRIMARY KEY (`id`),
  ADD UNIQUE KEY `email` (`email`);

--
-- AUTO_INCREMENT cho các bảng đã đổ
--

--
-- AUTO_INCREMENT cho bảng `bonus_reports`
--
ALTER TABLE `bonus_reports`
  MODIFY `id` int NOT NULL AUTO_INCREMENT, AUTO_INCREMENT=7;

--
-- AUTO_INCREMENT cho bảng `branches`
--
ALTER TABLE `branches`
  MODIFY `id` int NOT NULL AUTO_INCREMENT, AUTO_INCREMENT=7;

--
-- AUTO_INCREMENT cho bảng `income_reports`
--
ALTER TABLE `income_reports`
  MODIFY `id` int NOT NULL AUTO_INCREMENT, AUTO_INCREMENT=3;

--
-- AUTO_INCREMENT cho bảng `marketing_reports`
--
ALTER TABLE `marketing_reports`
  MODIFY `id` int NOT NULL AUTO_INCREMENT, AUTO_INCREMENT=549;

--
-- AUTO_INCREMENT cho bảng `month_reports`
--
ALTER TABLE `month_reports`
  MODIFY `id` int NOT NULL AUTO_INCREMENT, AUTO_INCREMENT=25;

--
-- AUTO_INCREMENT cho bảng `page_reports`
--
ALTER TABLE `page_reports`
  MODIFY `id` int NOT NULL AUTO_INCREMENT, AUTO_INCREMENT=2;

--
-- AUTO_INCREMENT cho bảng `sale_reports`
--
ALTER TABLE `sale_reports`
  MODIFY `id` int NOT NULL AUTO_INCREMENT, AUTO_INCREMENT=273;

--
-- AUTO_INCREMENT cho bảng `sale_target_reports`
--
ALTER TABLE `sale_target_reports`
  MODIFY `id` int NOT NULL AUTO_INCREMENT, AUTO_INCREMENT=2;

--
-- AUTO_INCREMENT cho bảng `teams`
--
ALTER TABLE `teams`
  MODIFY `id` int NOT NULL AUTO_INCREMENT, AUTO_INCREMENT=10;

--
-- AUTO_INCREMENT cho bảng `users`
--
ALTER TABLE `users`
  MODIFY `id` int NOT NULL AUTO_INCREMENT, AUTO_INCREMENT=51;
COMMIT;

/*!40101 SET CHARACTER_SET_CLIENT=@OLD_CHARACTER_SET_CLIENT */;
/*!40101 SET CHARACTER_SET_RESULTS=@OLD_CHARACTER_SET_RESULTS */;
/*!40101 SET COLLATION_CONNECTION=@OLD_COLLATION_CONNECTION */;
